election,party,votes,pct,seats,family
2015,likud,985408.0,23.401452046648636,30,N
2015,zionist_union,786313.0,18.673347449134194,24,O
2015,joint_list,446583.0,10.605445317420285,13,A
2015,yesh_atid,371602.0,8.82479783342405,11,O
2015,kulanu,315360.0,7.489163795535569,10,S
2015,jewish_home,283910.0,6.742289742486376,8,N
2015,shas,241613.0,5.737821322078689,7,H
2015,yb,214906.0,5.103583950543402,6,N
2015,utj,210143.0,4.990472309377318,6,H
2015,meretz,165529.0,3.9309798132648632,5,O
2015,yachad,125158.0,2.9722500073618745,0,N
2015,others,,1.5283964127247316,0,X
2019a,likud,1140370.0,26.46318285927779,35,N
2019a,blue_white,1125881.0,26.126954217303627,35,O
2019a,shas,258275.0,5.993474532809501,8,H
2019a,utj,249049.0,5.779377945684536,8,H
2019a,hadash_taal,193442.0,4.4889737704994115,6,A
2019a,labor,190870.0,4.429288487377212,6,O
2019a,yb,173004.0,4.014693904071919,5,N
2019a,urwp,159468.0,3.7005803767227397,5,N
2019a,meretz,156473.0,3.6310790458708784,4,O
2019a,kulanu,152756.0,3.5448231370974668,4,N
2019a,raam_balad,143666.0,3.333882536949414,4,A
2019a,new_right,138598.0,3.216275610486231,0,N
2019a,zehut,118031.0,2.7390021975879906,0,N
2019a,gesher,74701.0,1.73349546442901,0,O
2019a,others,,0.804915913832275,0,X
2019b,blue_white,1151214.0,25.94690865455916,33,O
2019b,likud,1113617.0,25.099519789686546,32,N
2019b,joint_list,470211.0,10.59796168685311,13,A
2019b,shas,330199.0,7.442268154163153,9,H
2019b,yb,310154.0,6.990479187054832,8,O
2019b,utj,268775.0,6.0578488218777204,7,H
2019b,yamina,260655.0,5.874834283942097,7,N
2019b,labor,212782.0,4.795837365888885,6,O
2019b,dem_union,192495.0,4.338594024620414,5,O
2019b,otzma,83609.0,1.8844411948595454,0,N
2019b,others,,0.9713068364945201,0,X
2020,likud,1352449.0,29.464721827286866,36,N
2020,blue_white,1220381.0,26.587462217285953,33,O
2020,joint_list,581507.0,12.668826695587118,15,A
2020,shas,352853.0,7.687325356389522,9,H
2020,utj,274437.0,5.978938846577671,7,H
2020,emet,267480.0,5.82737226643126,7,O
2020,yb,263365.0,5.737722061270632,7,O
2020,yamina,240689.0,5.2436982332700515,6,N
2020,otzma,19402.0,0.4226958154377871,0,N
2020,others,,0.3812366804631324,0,X
2021,likud,1066892.0,24.19227709786642,30,N
2021,yesh_atid,614112.0,13.925277978581658,17,O
2021,shas,316008.0,7.165629793027384,9,H
2021,blue_white,292257.0,6.627064714883181,8,O
2021,yamina,273836.0,6.209359889633954,7,S
2021,labor,268767.0,6.094417934301002,7,O
2021,utj,248391.0,5.632382566010559,7,H
2021,yb,248370.0,5.631906381149247,7,O
2021,rzp,225641.0,5.116515632922242,6,N
2021,joint_list,212583.0,4.820419351064341,6,A
2021,new_hope,209161.0,4.742823894140024,6,O
2021,meretz,202218.0,4.585388108802345,6,O
2021,raam,167064.0,3.788254650965567,4,A
2021,new_economic,34883.0,0.7909884055788912,0,O
2021,others,,0.6772936010731598,0,X
2022,likud,1115336.0,23.408108980507233,32,N
2022,yesh_atid,847435.0,17.785538020736485,24,O
2022,rzp,516470.0,10.8394116617437,14,N
2022,national_unity,432482.0,9.076713912316764,12,O
2022,shas,392964.0,8.24733007579424,11,H
2022,utj,280194.0,5.880570238640413,7,H
2022,yb,213687.0,4.48475489333945,6,O
2022,raam,194047.0,4.072560487010629,5,A
2022,hadash_taal,178735.0,3.751199960039809,5,A
2022,labor,175992.0,3.693631260622296,4,O
2022,meretz,150793.0,3.1647673683066158,0,O
2022,balad,138617.0,2.909223626378931,0,A
2022,jewish_home,56775.0,1.1915650417168442,0,N
2022,others,,1.4946244728465814,0,X
