election,days_out,party,avg,result,family,err
2015,0,jewish_home,9.73248066074089,6.742289742486376,N,3.5882291019054176
2015,0,joint_list,10.36201767213042,10.605445317420283,A,-0.2921131743478355
2015,0,kulanu,7.347421526540309,7.489163795535569,S,-0.17009072279431264
2015,0,likud,17.59390785531025,23.40145204664864,N,-6.969053029606068
2015,0,meretz,4.0748835878854734,3.9309798132648632,O,0.17268452954473226
2015,0,shas,6.0119324680977435,5.737821322078689,H,0.32893337522286503
2015,0,utj,5.433233159373451,4.990472309377318,H,0.5313130199953594
2015,0,yachad,3.508283089254557,2.9722500073618745,N,0.6432396982712192
2015,0,yb,4.419984186233407,5.103583950543402,N,-0.8203197171719938
2015,0,yesh_atid,10.119894699903552,8.82479783342405,O,1.5541162397754027
2015,0,zionist_union,19.815829225102412,18.673347449134194,O,1.3709781311618614
2015,7,jewish_home,9.986990848785279,6.742289742486376,N,3.8936413275586834
2015,7,joint_list,10.19589068185376,10.605445317420283,A,-0.4914655626798286
2015,7,kulanu,6.699204703905529,7.489163795535569,S,-0.9479509099560481
2015,7,likud,18.835036284302944,23.40145204664864,N,-5.479698914814834
2015,7,meretz,4.111487219541534,3.9309798132648632,O,0.2166088875320046
2015,7,shas,6.073592585198083,5.737821322078689,H,0.4029255157432729
2015,7,utj,5.580804482816403,4.990472309377318,H,0.7083986081269025
2015,7,yachad,3.1769752067567136,2.9722500073618745,N,0.24567023927380696
2015,7,yb,4.718457946712853,5.103583950543402,N,-0.4621512045966586
2015,7,yesh_atid,9.94986577567483,8.82479783342405,O,1.3500815307009362
2015,7,zionist_union,19.22186763309007,18.673347449134194,O,0.6582242207470514
2015,14,jewish_home,10.060441829930422,6.742289742486376,N,3.9817825049328555
2015,14,joint_list,9.973268055775883,10.605445317420283,A,-0.758612713973281
2015,14,kulanu,6.538312474149099,7.489163795535569,S,-1.1410215856637647
2015,14,likud,18.77772929440194,23.40145204664864,N,-5.54846730269604
2015,14,meretz,4.191986756258312,3.9309798132648632,O,0.31320833159213846
2015,14,shas,5.5838899065906045,5.737821322078689,H,-0.18471769858570183
2015,14,utj,5.9329711327489,4.990472309377318,H,1.1309985880458984
2015,14,yachad,3.8003928604953874,2.9722500073618745,N,0.9937714237602154
2015,14,yb,4.760110902243484,5.103583950543402,N,-0.4121676579599008
2015,14,yesh_atid,9.464630272087632,8.82479783342405,O,0.7677989263962985
2015,14,zionist_union,19.400826264773656,18.673347449134194,O,0.8729745787673536
2015,21,jewish_home,10.07580756770048,6.742289742486376,N,4.000221390256924
2015,21,joint_list,9.902293217098066,10.605445317420283,A,-0.8437825203866609
2015,21,kulanu,6.527702383711002,7.489163795535569,S,-1.1537536941894806
2015,21,likud,19.426588122754367,23.40145204664864,N,-4.769836708673126
2015,21,meretz,4.448770532012282,3.9309798132648632,O,0.6213488624969024
2015,21,shas,5.502264255615236,5.737821322078689,H,-0.2826684797561441
2015,21,utj,5.7150948320197585,4.990472309377318,H,0.8695470271709286
2015,21,yachad,3.6076521601759595,2.9722500073618745,N,0.762482583376902
2015,21,yb,4.5214210133492205,5.103583950543402,N,-0.6985955246330176
2015,21,yesh_atid,9.306704964804972,8.82479783342405,O,0.5782885576571062
2015,21,zionist_union,19.47608828104486,18.673347449134194,O,0.9632889982927978
2015,28,jewish_home,9.895067660612504,6.742289742486376,N,3.783333501751354
2015,28,joint_list,9.948292286780415,10.605445317420283,A,-0.7885836367678423
2015,28,kulanu,6.079555096923096,7.489163795535569,S,-1.6915304383349679
2015,28,likud,20.53216100864487,23.40145204664864,N,-3.443149245604524
2015,28,meretz,4.480032488125561,3.9309798132648632,O,0.6588632098328372
2015,28,shas,5.536517957711508,5.737821322078689,H,-0.2415640372406173
2015,28,utj,5.849887278971595,4.990472309377318,H,1.0312979635131325
2015,28,yachad,3.463531055049765,2.9722500073618745,N,0.5895372572254685
2015,28,yb,4.831237154227061,5.103583950543402,N,-0.32681615557960875
2015,28,yesh_atid,8.325172372448653,8.82479783342405,O,-0.5995505531704758
2015,28,zionist_union,19.660575811933754,18.673347449134194,O,1.1846740353594711
2019a,0,blue_white,22.80961540735195,26.126954217303627,O,-3.980806571942014
2019a,0,gesher,2.422226159853741,1.73349546442901,O,0.8264768345096775
2019a,0,hadash_taal,5.631813143454041,4.488973770499412,A,1.371407247545554
2019a,0,kulanu,3.7215723492501382,3.5448231370974668,N,0.21209905458320577
2019a,0,labor,7.795408169257013,4.429288487377212,O,4.039343618255761
2019a,0,likud,23.051996671681543,26.46318285927779,N,-4.093423425115496
2019a,0,meretz,4.409024649243394,3.6310790458708784,O,0.9335347240470184
2019a,0,new_right,4.657879426567932,3.216275610486231,N,1.7299245792980418
2019a,0,raam_balad,2.9238715073604955,3.333882536949414,A,-0.49201323550670195
2019a,0,shas,4.16667236389984,5.993474532809501,H,-2.1921626026915932
2019a,0,urwp,5.106791853683498,3.70058037672274,N,1.68745377235291
2019a,0,utj,4.961933290221392,5.779377945684536,H,-0.980933586555773
2019a,0,yb,2.809134269909386,4.014693904071919,N,-1.4466715609950394
2019a,0,zehut,4.511571783344777,2.7390021975879906,N,2.1270835029081434
2019a,7,blue_white,23.37226148486188,26.126954217303627,O,-3.305631278930096
2019a,7,gesher,2.301542300001351,1.73349546442901,O,0.6816562026868092
2019a,7,hadash_taal,5.752832783918176,4.488973770499412,A,1.5166308161025168
2019a,7,kulanu,3.5284920624600433,3.5448231370974668,N,-0.019597289564908138
2019a,7,labor,7.2116173206496725,4.429288487377212,O,3.3387945999269526
2019a,7,likud,22.941972674570657,26.46318285927779,N,-4.22545222164856
2019a,7,meretz,4.066913245380656,3.6310790458708784,O,0.5230010394117329
2019a,7,new_right,4.986855346062983,3.216275610486231,N,2.1246956826921024
2019a,7,raam_balad,3.0756087358652575,3.333882536949414,A,-0.30992856130098756
2019a,7,shas,4.419220582133649,5.993474532809501,H,-1.8891047408110229
2019a,7,urwp,5.146985754539395,3.70058037672274,N,1.7356864533799863
2019a,7,utj,5.0513672097424855,5.779377945684536,H,-0.8736128831304609
2019a,7,yb,2.759851687406074,4.014693904071919,N,-1.5058106599990138
2019a,7,zehut,4.225653263774013,2.7390021975879906,N,1.7839812794232268
2019a,14,blue_white,23.51312674485598,26.126954217303627,O,-3.136592966937175
2019a,14,gesher,2.4184883457831567,1.73349546442901,O,0.8219914576249763
2019a,14,hadash_taal,5.909838839535842,4.488973770499412,A,1.705038082843716
2019a,14,kulanu,3.4990859752513073,3.5448231370974668,N,-0.0548845942153914
2019a,14,labor,6.97369529085632,4.429288487377212,O,3.0532881641749294
2019a,14,likud,22.65901577074393,26.46318285927779,N,-4.565000506240631
2019a,14,meretz,4.108034418700049,3.6310790458708784,O,0.5723464473950045
2019a,14,new_right,4.910616390016647,3.216275610486231,N,2.033208935436499
2019a,14,raam_balad,3.061407562634808,3.333882536949414,A,-0.3269699691775269
2019a,14,shas,4.30512536533717,5.993474532809501,H,-2.026019000966798
2019a,14,urwp,5.304209269225114,3.70058037672274,N,1.9243546710028492
2019a,14,utj,5.2114653679988425,5.779377945684536,H,-0.6814950932228325
2019a,14,yb,2.9034579442195962,4.014693904071919,N,-1.3334831518227872
2019a,14,zehut,4.083928800987473,2.7390021975879906,N,1.613911924079379
2019a,21,blue_white,23.741831218148093,26.126954217303627,O,-2.862147598986641
2019a,21,gesher,2.1917819919692216,1.73349546442901,O,0.549943833048254
2019a,21,hadash_taal,5.982452988917096,4.488973770499412,A,1.7921750621012205
2019a,21,kulanu,3.1120405544852865,3.5448231370974668,N,-0.5193390991346163
2019a,21,labor,6.553156038320603,4.429288487377212,O,2.548641061132069
2019a,21,likud,23.22504900475053,26.46318285927779,N,-3.885760625432711
2019a,21,meretz,4.4848378308169305,3.6310790458708784,O,1.0245105419352627
2019a,21,new_right,4.871152091562717,3.216275610486231,N,1.9858517772917832
2019a,21,raam_balad,3.174988955938857,3.333882536949414,A,-0.19067229721266835
2019a,21,shas,4.046293808023663,5.993474532809501,H,-2.3366168697430068
2019a,21,urwp,5.534579191847338,3.70058037672274,N,2.2007985781495174
2019a,21,utj,5.096414990910515,5.779377945684536,H,-0.8195555457288257
2019a,21,yb,2.899022864301458,4.014693904071919,N,-1.3388052477245531
2019a,21,zehut,3.5986243275780962,2.7390021975879906,N,1.0315465559881267
2019a,28,blue_white,25.4989467015941,26.126954217303627,O,-0.7536090188514322
2019a,28,gesher,2.232169526634297,1.73349546442901,O,0.5984088746463443
2019a,28,hadash_taal,6.550196236533847,4.488973770499412,A,2.4734669592413216
2019a,28,kulanu,3.5453296820930253,3.5448231370974668,N,0.0006078539946702932
2019a,28,labor,6.298283737830651,4.429288487377212,O,2.2427943005441273
2019a,28,likud,22.30989002301628,26.46318285927779,N,-4.983951403513812
2019a,28,meretz,4.448805505934241,3.6310790458708784,O,0.9812717520760356
2019a,28,new_right,4.862718964300673,3.216275610486231,N,1.9757320245773309
2019a,28,raam_balad,2.7957468963023007,3.333882536949414,A,-0.6457627687765358
2019a,28,shas,3.6724848600518625,5.993474532809501,H,-2.7851876073091666
2019a,28,urwp,5.469441936274567,3.70058037672274,N,2.122633871462192
2019a,28,utj,5.351815150723796,5.779377945684536,H,-0.5130753539528878
2019a,28,yb,2.2125533459120623,4.014693904071919,N,-2.162568669791828
2019a,28,zehut,3.05419758692941,2.7390021975879906,N,0.3782344672097031
2019b,0,blue_white,26.20484691595985,25.94690865455916,O,0.30952591368082666
2019b,0,dem_union,4.285472723408023,4.338594024620414,O,-0.0637455614548692
2019b,0,joint_list,8.91440002792724,10.59796168685311,A,-2.0202739907110434
2019b,0,labor,3.963332493182687,4.795837365888885,O,-0.9990058472474377
2019b,0,likud,26.84485352374926,25.099519789686543,N,2.0944004808752625
2019b,0,otzma,3.2936177581225197,1.8844411948595452,N,1.6910118759155695
2019b,0,shas,5.74584731926585,7.442268154163153,H,-2.0357050018767637
2019b,0,utj,6.119021248992288,6.05784882187772,H,0.07340691253748233
2019b,0,yamina,6.7848002873447015,5.874834283942097,N,1.091959204083125
2019b,0,yb,6.980674365092696,6.990479187054832,O,-0.011765786354562735
2019b,7,blue_white,25.672727141554017,25.94690865455916,O,-0.3290178156061714
2019b,7,dem_union,4.836841262030333,4.338594024620414,O,0.5978966848919033
2019b,7,joint_list,8.211885984533001,10.59796168685311,A,-2.8632908427841297
2019b,7,labor,4.568927721700799,4.795837365888885,O,-0.2722915730257032
2019b,7,likud,25.516960971399236,25.099519789686543,N,0.5009294180552317
2019b,7,otzma,2.9858836741212995,1.8844411948595452,N,1.321730975114105
2019b,7,shas,5.798416433327278,7.442268154163153,H,-1.9726220650030502
2019b,7,utj,5.911893459331514,6.05784882187772,H,-0.17514643505544641
2019b,7,yamina,7.4875882941274945,5.874834283942097,N,1.9353048122224765
2019b,7,yb,7.640695558150606,6.990479187054832,O,0.7802596453149289
2019b,14,blue_white,24.903275130625577,25.94690865455916,O,-1.252360228720299
2019b,14,dem_union,5.431164462409008,4.338594024620414,O,1.3110845253463128
2019b,14,joint_list,8.43678875421805,10.59796168685311,A,-2.593407519162071
2019b,14,labor,4.79869260962411,4.795837365888885,O,0.003426292482270199
2019b,14,likud,25.226379884477154,25.099519789686543,N,0.15223211374873385
2019b,14,otzma,2.4527071201864903,1.8844411948595452,N,0.6819191103923342
2019b,14,shas,5.824802607630385,7.442268154163153,H,-1.9409586558393213
2019b,14,utj,5.825866755221346,6.05784882187772,H,-0.27837847998764786
2019b,14,yamina,7.988580409812437,5.874834283942097,N,2.5364953510444077
2019b,14,yb,7.875886290702789,6.990479187054832,O,1.0624885243775493
2019b,21,blue_white,24.419625294413528,25.94690865455916,O,-1.8327400321747576
2019b,21,dem_union,5.364665645368955,4.338594024620414,O,1.2312859448982496
2019b,21,joint_list,8.579497866263381,10.59796168685311,A,-2.4221565847076736
2019b,21,labor,4.619958027203419,4.795837365888885,O,-0.21105520642255976
2019b,21,likud,25.331970409289486,25.099519789686543,N,0.2789407435235319
2019b,21,otzma,2.1154825767173584,1.8844411948595452,N,0.27724965822937586
2019b,21,shas,5.935591249858238,7.442268154163153,H,-1.8080122851658982
2019b,21,utj,5.921983027270697,6.05784882187772,H,-0.1630389535284273
2019b,21,yamina,8.477221211727416,5.874834283942097,N,3.1228643133423826
2019b,21,yb,7.708472598362938,6.990479187054832,O,0.8615920935697278
2019b,28,blue_white,23.859716901897926,25.94690865455916,O,-2.50463010319348
2019b,28,dem_union,5.843571862464151,4.338594024620414,O,1.8059734054124843
2019b,28,joint_list,8.154313038627585,10.59796168685311,A,-2.932378377870629
2019b,28,labor,4.971712631340256,4.795837365888885,O,0.2110503185416448
2019b,28,likud,24.8530036104699,25.099519789686543,N,-0.2958194150599695
2019b,28,otzma,2.302014549116665,1.8844411948595452,N,0.5010880251085436
2019b,28,shas,5.857985935024292,7.442268154163153,H,-1.9011386629666331
2019b,28,utj,6.06989757641692,6.05784882187772,H,0.014458505447040082
2019b,28,yamina,8.7343677289976,5.874834283942097,N,3.431440134066604
2019b,28,yb,7.949544441683969,6.990479187054832,O,1.1508783055549645
2020,0,blue_white,26.962346936568647,26.587462217285957,O,0.4498616631392281
2020,0,emet,7.167652926553862,5.82737226643126,O,1.6083367921471234
2020,0,joint_list,11.20515803921065,12.668826695587118,A,-1.7564023876517616
2020,0,likud,27.66614488894612,29.464721827286866,N,-2.158292326008893
2020,0,otzma,1.6336576602229806,0.4226958154377871,N,1.4531542137422324
2020,0,shas,6.810396582108849,7.687325356389522,H,-1.0523145291368075
2020,0,utj,5.941129110009916,5.978938846577671,H,-0.045371683881306524
2020,0,yamina,6.027236408529023,5.243698233270052,N,0.940245810310765
2020,0,yb,5.375995440690319,5.737722061270632,O,-0.43407194469637495
2020,7,blue_white,27.306193804840348,26.587462217285957,O,0.8624779050652691
2020,7,emet,7.322719239522733,5.82737226643126,O,1.7944163677097686
2020,7,joint_list,11.114919401828306,12.668826695587118,A,-1.864688752510574
2020,7,likud,26.798790805279,29.464721827286866,N,-3.199117226409437
2020,7,otzma,1.6885863985081135,0.4226958154377871,N,1.5190686996843916
2020,7,shas,6.679455615900732,7.687325356389522,H,-1.2094436885865476
2020,7,utj,5.951048873870427,5.978938846577671,H,-0.0334679672486935
2020,7,yamina,5.949583946329956,5.243698233270052,N,0.8470628556718848
2020,7,yb,5.770242976794145,5.737722061270632,O,0.03902509862821546
2020,14,blue_white,27.83538983459667,26.587462217285957,O,1.497513140772854
2020,14,emet,7.009190344336787,5.82737226643126,O,1.4181816934866327
2020,14,joint_list,11.126512594106686,12.668826695587118,A,-1.8507769217765186
2020,14,likud,26.591800948441527,29.464721827286866,N,-3.4475050546144064
2020,14,otzma,1.6167755540711721,0.4226958154377871,N,1.4328956863600621
2020,14,shas,6.459229606976148,7.687325356389522,H,-1.4737148992960485
2020,14,utj,6.201999502800413,5.978938846577671,H,0.26767278746728956
2020,14,yamina,5.821080667126838,5.243698233270052,N,0.6928589206281422
2020,14,yb,5.821361749832108,5.737722061270632,O,0.1003676262737713
2020,21,blue_white,27.909801453682455,26.587462217285957,O,1.586807083675798
2020,21,emet,7.202447628352093,5.82737226643126,O,1.6500904343050002
2020,21,joint_list,10.937683553187096,12.668826695587118,A,-2.0773717708800263
2020,21,likud,26.87158452261233,29.464721827286866,N,-3.111764765609442
2020,21,otzma,1.474324840397306,0.4226958154377871,N,1.2619548299514225
2020,21,shas,6.261622981854577,7.687325356389522,H,-1.7108428494419337
2020,21,utj,6.175609015582152,5.978938846577671,H,0.2360042028053769
2020,21,yamina,5.786270915269294,5.243698233270052,N,0.6510872183990901
2020,21,yb,5.997137616936408,5.737722061270632,O,0.3112986667989315
2020,28,blue_white,27.748638409710072,26.587462217285957,O,1.393411430908938
2020,28,emet,6.773837080051885,5.82737226643126,O,1.1357577763447497
2020,28,joint_list,10.737502990785718,12.668826695587118,A,-2.31758844576168
2020,28,likud,27.245222418637294,29.464721827286866,N,-2.6633992903794863
2020,28,otzma,1.6832264269611232,0.4226958154377871,N,1.5126367338280033
2020,28,shas,6.459659667498264,7.687325356389522,H,-1.4731988266695095
2020,28,utj,6.063266104335796,5.978938846577671,H,0.10119270930974907
2020,28,yamina,5.9051957875993475,5.243698233270052,N,0.7937970651951543
2020,28,yb,6.200696099908754,5.737722061270632,O,0.5555688463657464
2021,0,blue_white,3.7436692198668595,6.627064714883181,O,-3.4600745940195856
2021,0,joint_list,6.50623053932852,4.820419351064341,A,2.0229734259170145
2021,0,labor,4.097121429496779,6.094417934301002,O,-2.3967558057650673
2021,0,likud,24.852802195980136,24.19227709786642,N,0.7926301177364593
2021,0,meretz,3.3598586192037736,4.585388108802345,O,-1.4706353875182856
2021,0,new_economic,1.4092878259144062,0.7909884055788912,O,0.741959304402618
2021,0,new_hope,6.999981738217139,4.742823894140024,O,2.7085894128925383
2021,0,raam,3.033236304969112,3.788254650965567,A,-0.9060220151957463
2021,0,rzp,3.934788794603325,5.116515632922242,N,-1.4180722059827007
2021,0,shas,6.645169732916035,7.165629793027384,H,-0.6245520721336195
2021,0,utj,5.607007225226258,5.632382566010559,H,-0.030450408941160845
2021,0,yamina,7.4892364477509545,6.209359889633954,S,1.5358518697404007
2021,0,yb,5.990635707710028,5.631906381149247,O,0.4304751918729366
2021,0,yesh_atid,14.901118510212473,13.925277978581658,O,1.1710086379569788
2021,7,blue_white,3.650137138294403,6.627064714883181,O,-3.5723130919065333
2021,7,joint_list,6.532539045942903,4.820419351064341,A,2.0545436338542737
2021,7,labor,4.597910168298602,6.094417934301002,O,-1.7958093192028795
2021,7,likud,22.87463197643357,24.19227709786642,N,-1.5811741457194202
2021,7,meretz,2.981571933798635,4.585388108802345,O,-1.9245794100044518
2021,7,new_economic,1.6933727539651169,0.7909884055788912,O,1.082861218063471
2021,7,new_hope,8.073845422521435,4.742823894140024,O,3.9972258340576934
2021,7,raam,3.072881790260927,3.788254650965567,A,-0.8584474328455678
2021,7,rzp,3.6668494241911063,5.116515632922242,N,-1.739599450477363
2021,7,shas,5.933542354638625,7.165629793027384,H,-1.4785049260665106
2021,7,utj,5.517198889782808,5.632382566010559,H,-0.13822041147330139
2021,7,yamina,9.005743679516563,6.209359889633954,S,3.3556605478591304
2021,7,yb,5.874056330102679,5.631906381149247,O,0.29057993874411814
2021,7,yesh_atid,15.052373214529824,13.925277978581658,O,1.3525142831377996
2021,14,blue_white,3.874196358567508,6.627064714883181,O,-3.3034420275788072
2021,14,joint_list,6.73729995764176,4.820419351064341,A,2.300256727892902
2021,14,labor,4.558246677626088,6.094417934301002,O,-1.8434055080098966
2021,14,likud,22.397929610600656,24.19227709786642,N,-2.1532169847189166
2021,14,meretz,2.904970341546356,4.585388108802345,O,-2.0165013207071865
2021,14,new_economic,1.6336240025443955,0.7909884055788912,O,1.0111627163586052
2021,14,new_hope,9.00489766850524,4.742823894140024,O,5.114488529238259
2021,14,raam,2.862531047377616,3.788254650965567,A,-1.110868324305541
2021,14,rzp,3.433540437104834,5.116515632922242,N,-2.01957023498089
2021,14,shas,5.937307580225664,7.165629793027384,H,-1.4739866553620646
2021,14,utj,5.369813950170473,5.632382566010559,H,-0.3150823390081037
2021,14,yamina,8.982426492270854,6.209359889633954,S,3.327679923164279
2021,14,yb,5.9266031501308305,5.631906381149247,O,0.3536361227779
2021,14,yesh_atid,14.976873517208181,13.925277978581658,O,1.2619146463518285
2021,21,blue_white,3.460790060119357,6.627064714883181,O,-3.7995295857165887
2021,21,joint_list,7.014129872666199,4.820419351064341,A,2.6324526259222294
2021,21,labor,4.774321078631802,6.094417934301002,O,-1.58411622680304
2021,21,likud,22.42751997879291,24.19227709786642,N,-2.117708542888214
2021,21,meretz,3.168266318557184,4.585388108802345,O,-1.7005461482941928
2021,21,new_economic,1.6239041471600648,0.7909884055788912,O,0.9994988898974084
2021,21,new_hope,10.34753066383284,4.742823894140024,O,6.72564812363138
2021,21,raam,2.7160291788418816,3.788254650965567,A,-1.2866705665484226
2021,21,rzp,3.3563945918496074,5.116515632922242,N,-2.1121452492871615
2021,21,shas,6.173883680417021,7.165629793027384,H,-1.1900953351324355
2021,21,utj,5.44663472501224,5.632382566010559,H,-0.2228974091979829
2021,21,yamina,8.735944428253195,6.209359889633954,S,3.0319014463430887
2021,21,yb,5.627001929990643,5.631906381149247,O,-0.005885341390325394
2021,21,yesh_atid,14.180628736207751,13.925277978581658,O,0.30642090915131204
2021,28,blue_white,3.343615177289271,6.627064714883181,O,-3.940139445112692
2021,28,joint_list,7.044714681873419,4.820419351064341,A,2.6691543969708933
2021,28,labor,4.746454590551338,6.094417934301002,O,-1.6175560124995971
2021,28,likud,22.82985589800257,24.19227709786642,N,-1.6349054398366192
2021,28,meretz,3.4211466475837873,4.585388108802345,O,-1.397089753462269
2021,28,new_economic,1.8647013014452392,0.7909884055788912,O,1.2884554750396178
2021,28,new_hope,10.275694995028395,4.742823894140024,O,6.639445321066046
2021,28,raam,2.5284734513379314,3.788254650965567,A,-1.5117374395531626
2021,28,rzp,3.43456266917366,5.116515632922242,N,-2.0183435564982988
2021,28,shas,6.276465873631289,7.165629793027384,H,-1.0669967032753143
2021,28,utj,5.566044881304913,5.632382566010559,H,-0.079605221646775
2021,28,yamina,8.710074311876586,6.209359889633954,S,3.0008573066911577
2021,28,yb,5.4148883320690615,5.631906381149247,O,-0.26042165889622276
2021,28,yesh_atid,13.83010375749273,13.925277978581658,O,-0.1142090653067143
2022,0,balad,1.9260435592225553,2.909223626378931,A,-1.1798160805876505
2022,0,hadash_taal,3.1643390278102475,3.751199960039809,A,-0.704233118675474
2022,0,jewish_home,1.767183374680389,1.1915650417168442,N,0.6907419995562539
2022,0,labor,4.034325870001837,3.693631260622296,O,0.4088335312554488
2022,0,likud,24.661689560148936,23.408108980507237,N,1.5042966955700394
2022,0,meretz,3.4770906530582764,3.164767368306616,O,0.3747879417019922
2022,0,national_unity,9.038858648379579,9.076713912316764,O,-0.045426316724622495
2022,0,raam,3.1640884616911924,4.072560487010629,A,-1.0901664303833243
2022,0,rzp,11.000881090619448,10.8394116617437,N,0.1937633146508972
2022,0,shas,6.77458215824962,8.24733007579424,H,-1.7672975010535439
2022,0,utj,5.49196356516595,5.880570238640413,H,-0.4663280081693557
2022,0,yb,4.506848111893811,4.48475489333945,O,0.026511862265233433
2022,0,yesh_atid,19.621769496669685,17.785538020736485,O,2.2034777711198403
2022,7,balad,1.666555868225021,2.909223626378931,A,-1.4912013097846917
2022,7,hadash_taal,3.1745811430595863,3.751199960039809,A,-0.6919425803762675
2022,7,jewish_home,1.8360688768255773,1.1915650417168442,N,0.7734046021304798
2022,7,labor,3.9307205307953654,3.693631260622296,O,0.2845071242076832
2022,7,likud,25.27913832155086,23.408108980507237,N,2.2452352092523484
2022,7,meretz,3.7643020506835922,3.164767368306616,O,0.7194416188523712
2022,7,national_unity,9.320805917991876,9.076713912316764,O,0.2929104068101346
2022,7,raam,3.1720957133105623,4.072560487010629,A,-1.0805577284400805
2022,7,rzp,10.419056258571953,10.8394116617437,N,-0.5044264838060968
2022,7,shas,6.649686991678458,8.24733007579424,H,-1.917171700938939
2022,7,utj,5.555123288337349,5.880570238640413,H,-0.39053634036367696
2022,7,yb,4.563806051856121,4.48475489333945,O,0.0948613902200048
2022,7,yesh_atid,19.416381077077183,17.785538020736485,O,1.9570116676088376
2022,14,balad,1.404928100530201,2.909223626378931,A,-1.8051546310184758
2022,14,hadash_taal,3.169930906702408,3.751199960039809,A,-0.6975228640048812
2022,14,jewish_home,1.996009478880631,1.1915650417168442,N,0.9653333245965443
2022,14,labor,4.1510196407569255,3.693631260622296,O,0.5488660561615554
2022,14,likud,25.251113067133545,23.408108980507237,N,2.21160490395157
2022,14,meretz,3.744401349275679,3.164767368306616,O,0.6955607771628752
2022,14,national_unity,9.211712568696207,9.076713912316764,O,0.1619983876553313
2022,14,raam,3.156660036598332,4.072560487010629,A,-1.0990805404947568
2022,14,rzp,10.280776343397195,10.8394116617437,N,-0.6703623820158064
2022,14,shas,6.471870814290966,8.24733007579424,H,-2.1305511138039286
2022,14,utj,5.546967670390133,5.880570238640413,H,-0.4003230819003356
2022,14,yb,4.713184998900006,4.48475489333945,O,0.27411612667266744
2022,14,yesh_atid,19.390993475666143,17.785538020736485,O,1.926546545915589
2022,21,balad,1.3978931691584457,2.909223626378931,A,-1.8135965486645822
2022,21,hadash_taal,3.167070911114644,3.751199960039809,A,-0.7009548587101981
2022,21,jewish_home,2.0966105579145613,1.1915650417168442,N,1.0860546194372604
2022,21,labor,4.207638173398873,3.693631260622296,O,0.6168082953318926
2022,21,likud,25.318074063840385,23.408108980507237,N,2.2919580999997775
2022,21,meretz,4.041667673341536,3.164767368306616,O,1.0522803660419036
2022,21,national_unity,9.226834600025043,9.076713912316764,O,0.18014482524993483
2022,21,raam,3.137578287879391,4.072560487010629,A,-1.1219786389574862
2022,21,rzp,10.24912700521748,10.8394116617437,N,-0.7083415878314646
2022,21,shas,6.461672257848292,8.24733007579424,H,-2.1427893815351378
2022,21,utj,5.54237897663295,5.880570238640413,H,-0.40582951440895554
2022,21,yb,4.533019951461467,4.48475489333945,O,0.05791806974642064
2022,21,yesh_atid,19.1135940207465,17.785538020736485,O,1.5936672000120182
2022,28,balad,1.4699189884956043,2.909223626378931,A,-1.727165565459992
2022,28,hadash_taal,3.1621486791479576,3.751199960039809,A,-0.7068615370702218
2022,28,jewish_home,2.1697713682277895,1.1915650417168442,N,1.1738475918131344
2022,28,labor,4.101332828787247,3.693631260622296,O,0.48924188179794115
2022,28,likud,25.35972020971107,23.408108980507237,N,2.341933475044601
2022,28,meretz,3.973130949990994,3.164767368306616,O,0.9700362980212535
2022,28,national_unity,9.491648534619735,9.076713912316764,O,0.49792154676356476
2022,28,raam,3.1626661809000627,4.072560487010629,A,-1.09187316733268
2022,28,rzp,9.955156106078835,10.8394116617437,N,-1.0611066667978377
2022,28,shas,6.445523926550128,8.24733007579424,H,-2.1621673790929345
2022,28,utj,5.534032329158084,5.880570238640413,H,-0.4158454913787949
2022,28,yb,4.501656834681013,4.48475489333945,O,0.020282329609875305
2022,28,yesh_atid,19.167764277084146,17.785538020736485,O,1.6586715076171927
