election,poll_id,pollster,days_out,error,bias,n_parties,excess_error,excess_bias,adj_error,adj_bias,tw
2015,2015_0,Midgam (Ch12),4,2.479284679558341,-3.16931576415572,11.0,0.6147452514767433,-3.16931576415572,0.23299350982050523,-2.13628593913351,0.17349411700819312
2015,2015_11,Dialog,4,2.9863299110963397,-3.1693157641557175,11.0,1.121790483014742,-3.1693157641557175,0.7262246562738908,-2.1980168145449053,0.17349411700819312
2015,2015_110,Midgam (Ch12),6,2.861279385775808,-1.2856504255102994,11.0,0.9671249460724616,-1.2856504255102994,0.5853732044162234,-0.2526206004880893,0.17349411700819312
2015,2015_121,Lazar,7,2.801980825858313,-4.111148433478428,11.0,0.894895526844212,-4.111148433478428,0.4976718840338953,-3.331855154367435,0.17349411700819312
2015,2015_132,Midgam (Ch12),7,2.8347335205652073,-2.227483094833009,11.0,0.9276482215511062,-2.227483094833009,0.545896479894868,-1.1944532698107988,0.17349411700819312
2015,2015_143,Geocartography,9,2.1154673252533107,3.1975567458044436,11.0,0.18504205195002532,3.1975567458044436,-0.22907727632895786,4.528062825229333,0.17349411700819312
2015,2015_154,Teleseker,11,1.8922382790060293,0.5980149131351227,11.0,-0.05904808622796143,0.5980149131351227,-0.5256666396812574,2.0917237611956145,0.17349411700819312
2015,2015_165,Lazar,11,2.528499685450505,-3.169315764155718,11.0,0.5772133202165142,-3.169315764155718,0.17998967740619742,-2.390022485044725,0.17349411700819312
2015,2015_176,Teleseker,12,2.027933239648535,0.5980149131351227,11.0,0.06693023916314789,0.5980149131351227,-0.39968831429014806,2.0917237611956145,0.17349411700819312
2015,2015_187,Dialog,13,2.1300420574758583,-3.1693157641557215,11.0,0.1597195265635567,-3.1693157641557215,-0.23584630017729447,-2.1980168145449093,0.17349411700819312
2015,2015_198,Midgam (Ch12),13,2.231548146439567,-2.2274830948330107,11.0,0.2612256155272652,-2.2274830948330107,-0.12052612612897287,-1.1944532698108006,0.17349411700819312
2015,2015_209,Lazar,14,2.785206099773514,-3.1693157641557193,11.0,0.8059161026777191,-3.1693157641557193,0.4086924598674023,-2.390022485044726,0.17349411700819312
2015,2015_22,Lazar,4,2.750152476635875,-5.052981102801138,11.0,0.8856130485542775,-5.052981102801138,0.4883894057439607,-4.273687823690144,0.17349411700819312
2015,2015_220,Maagar Mochot,15,2.2426788351100275,0.5980149131351171,11.0,0.254736316177409,0.5980149131351171,-0.14537197121156498,1.803987460023486,0.17349411700819312
2015,2015_231,Geocartography,16,2.611863786139542,0.5980149131351233,11.0,0.6155526676145686,0.5980149131351233,0.20143333933558544,1.9285209925600126,0.17349411700819312
2015,2015_242,Teleseker,18,2.5224030715287413,1.5398475824578268,11.0,0.5101053662477426,1.5398475824578268,0.04348681279444666,3.0335564305183196,0.17349411700819312
2015,2015_253,Lazar,19,2.2258311878121733,-1.2856504255103007,11.0,0.20587370904285152,-1.2856504255103007,-0.19134993376746523,-0.5063571463993075,0.17349411700819312
2015,2015_264,Teleseker,19,2.112728658215066,1.5398475824578344,11.0,0.09277117944574442,1.5398475824578344,-0.3738473740075515,3.0335564305183267,0.17349411700819312
2015,2015_275,Dialog,19,2.7701506417290664,-1.2856504255102996,11.0,0.7501931629597447,-1.2856504255102996,0.35462733621889353,-0.3143514758994875,0.17349411700819312
2015,2015_286,Midgam (Ch12),21,2.580598645959713,-0.34381775618759014,11.0,0.545904035366962,-0.34381775618759014,0.1641522937107239,0.6892120688346199,0.17349411700819312
2015,2015_297,Dialog,21,2.198853681266903,-0.3438177561875917,11.0,0.16415907067415203,-0.3438177561875917,-0.23140675606669914,0.6274811934232204,0.17349411700819312
2015,2015_308,Lazar,21,1.8618269611821694,-1.2856504255102958,11.0,-0.17286764941058164,-1.2856504255102958,-0.5700912922208983,-0.5063571463993026,0.17349411700819312
2015,2015_33,Teleseker,4,2.1248119963739813,-1.285650425510303,11.0,0.26027256829238365,-1.285650425510303,-0.2063459851609123,0.20805842255018914,0.17349411700819312
2015,2015_44,Midgam (Ch12),4,2.549728484903751,-3.169315764155718,11.0,0.6851890568221533,-3.169315764155718,0.3034373151659152,-2.136285939133508,0.17349411700819312
2015,2015_55,Teleseker,4,2.392763059534122,-1.2856504255103016,11.0,0.5282236314525244,-1.2856504255103016,0.06160507799922843,0.20805842255019058,0.17349411700819312
2015,2015_66,Lazar,5,2.7404459235559844,-3.1693157641557193,11.0,0.8603529572470388,-3.1693157641557193,0.463129314436722,-2.390022485044726,0.17349411700819312
2015,2015_77,Smith,5,2.974523470484356,-2.2274830948330093,11.0,1.0944305041754103,-2.2274830948330093,0.7029717532798947,-1.10582691343506,0.17349411700819312
2015,2015_88,Maagar Mochot,5,2.930348841736465,-1.2856504255103005,11.0,1.0502558754275193,-1.2856504255103005,0.6501475880385453,-0.07967787862193176,0.17349411700819312
2015,2015_99,Dialog,5,2.7350148049975043,-5.052981102801138,11.0,0.8549218386885586,-5.052981102801138,0.4593560119477075,-4.081682153190326,0.17349411700819312
2019a,2019a_1007,Midgam Project (Ch13),20,2.2883862507636104,-3.473121247914381,14.0,0.26096805578394067,-3.473121247914381,-0.1305358601802642,-1.0783800079553598,0.320197873102341
2019a,2019a_1021,Lazar,21,2.321139162333698,-2.7016926764858127,14.0,0.2864445517409471,-2.7016926764858127,-0.1705006619328762,-0.15135968742779643,0.320197873102341
2019a,2019a_594,Midgam Project (Ch13),4,2.8820409102352933,-2.9938665895292864,14.0,1.0175014821536956,-2.9938665895292864,0.6259975661894908,-0.5991253495702653,0.320197873102341
2019a,2019a_608,Smith,4,2.5704895154300664,-2.86106026541861,14.0,0.7059500873484688,-2.86106026541861,0.2745846167218504,-0.37336677377618466,0.320197873102341
2019a,2019a_622,Maagar Mochot,4,2.6111682936386282,3.733310526328784,11.0,0.7466288655570306,3.733310526328784,0.3230773064733865,6.556225344783781,0.320197873102341
2019a,2019a_633,Smith,5,2.494486250319216,-3.2535037001078564,14.0,0.6143932840102702,-3.2535037001078564,0.18302781338365184,-0.7658102084654311,0.320197873102341
2019a,2019a_647,Midgam (Ch12),5,2.834488950010544,-5.33600097688107,14.0,0.9543959837015983,-5.33600097688107,0.5125222493832413,-3.2872737906654406,0.320197873102341
2019a,2019a_661,Maagar Mochot,5,2.8758988687555083,-4.440497457362302,14.0,0.9958059024465626,-4.440497457362302,0.5722543433629186,-1.6175826389073056,0.320197873102341
2019a,2019a_675,Kantar,5,2.2931644346701208,-3.7474069622000963,14.0,0.41307146836117514,-3.7474069622000963,-0.01481934633527067,-1.2504353499925087,0.320197873102341
2019a,2019a_689,Midgam (Ch12),5,2.750304080531193,-4.680506905734816,14.0,0.8702111142222475,-4.680506905734816,0.42833737990389054,-2.6317797195191868,0.320197873102341
2019a,2019a_703,Miskar,5,2.953293698954225,-0.5085133936172834,14.0,1.0732007326452795,-0.5085133936172834,0.663550349989401,2.1412015328526044,0.320197873102341
2019a,2019a_717,Lazar,6,2.5372399629744145,-4.7355022002953335,14.0,0.6430855232710682,-4.7355022002953335,0.1861403095972449,-2.185169211237317,0.320197873102341
2019a,2019a_731,Dialog,6,2.6183949450983937,-2.086040502572767,14.0,0.7242405053950474,-2.086040502572767,0.3038521659108268,0.4462475299579253,0.320197873102341
2019a,2019a_745,Midgam Project (Ch13),7,3.282156492695335,-5.6378831526762845,14.0,1.3750711936812336,-5.6378831526762845,0.9835672777170287,-3.243141912717263,0.320197873102341
2019a,2019a_759,Lazar,9,2.1836864651979218,-3.741692676485812,14.0,0.25326119189463636,-3.741692676485812,-0.2036840217791869,-1.1913596874277954,0.320197873102341
2019a,2019a_773,Midgam (Ch12),9,1.9006235689356141,-4.035447617197268,14.0,-0.029801704367671267,-4.035447617197268,-0.4716754386860282,-1.9867204309816384,0.320197873102341
2019a,2019a_787,Maagar Mochot,11,1.9995109458965192,1.939259704466572,12.0,0.04822458066252855,1.939259704466572,-0.3753269784211155,4.762174522921569,0.320197873102341
2019a,2019a_799,Midgam (Ch12),12,2.410545041363612,-4.7450128345885805,14.0,0.44954204087822514,-4.7450128345885805,0.007668306559868235,-2.696285648372951,0.320197873102341
2019a,2019a_813,Maagar Mochot,12,2.1657821819719336,-1.0559783907715197,14.0,0.20477918148654672,-1.0559783907715197,-0.21877237759709736,1.7669364276834771,0.320197873102341
2019a,2019a_827,Smith,12,2.142209974787803,-3.126672913639961,14.0,0.18120697430241628,-3.126672913639961,-0.25015849632420206,-0.638979421997536,0.320197873102341
2019a,2019a_841,Midgam Project (Ch13),12,2.5117801297355253,-3.4731212479143823,14.0,0.5507771292501384,-3.4731212479143823,0.15927321328593355,-1.0783800079553612,0.320197873102341
2019a,2019a_855,Direct Polls,12,2.3951943470876547,-2.9031212479143784,14.0,0.43419134660226777,-2.9031212479143784,0.006317867536298052,-0.39191917010217914,0.320197873102341
2019a,2019a_869,Lazar,13,2.2507633281199597,-2.0845498193429552,14.0,0.28044079720765813,-2.0845498193429552,-0.17650441646616513,0.465783169715061,0.320197873102341
2019a,2019a_883,Midgam (Ch12),14,2.3923220963445306,-4.954657103363276,14.0,0.41303209924873574,-4.954657103363276,-0.02884163506962116,-2.9059299171476467,0.320197873102341
2019a,2019a_897,Kantar,14,2.534601638026498,-2.8283593431524796,14.0,0.5553116409307033,-2.8283593431524796,0.1274208262342575,-0.33138773094489216,0.320197873102341
2019a,2019a_911,Miskar,14,2.5584885752636666,-0.339378626899026,14.0,0.5791985781678717,-0.339378626899026,0.16954819551199313,2.310336299570862,0.320197873102341
2019a,2019a_925,Midgam (Ch12),16,2.1883781740041903,-6.563985166604381,14.0,0.19206705547921699,-6.563985166604381,-0.24980667883913993,-4.515257980388752,0.320197873102341
2019a,2019a_939,Midgam Project (Ch13),16,2.593024754272647,-3.8116926764858086,14.0,0.5967136357476734,-3.8116926764858086,0.20520971978346855,-1.4169514365267875,0.320197873102341
2019a,2019a_953,Lazar,18,2.141453340083751,-0.8750260098191447,12.0,0.1291556348027525,-0.8750260098191447,-0.32778957887107074,1.6753069792388717,0.320197873102341
2019a,2019a_965,Maagar Mochot,18,2.7362827164639394,-5.114921022942504,14.0,0.7239850111829407,-5.114921022942504,0.3004334520992966,-2.2920062044875067,0.320197873102341
2019a,2019a_979,Smith,18,2.427244548096799,-3.9016926764858035,14.0,0.4149468428158003,-3.9016926764858035,-0.01641862781081803,-1.4139991848433784,0.320197873102341
2019a,2019a_993,Midgam (Ch12),20,2.383706068777258,-5.873866589529284,14.0,0.35628787379758853,-5.873866589529284,-0.08558586052076839,-3.825139403313654,0.320197873102341
2019b,2019b_1315,Midgam Project (Ch13),4,1.3944462541121527,1.5781053065651292,10.0,-0.47009317396944494,1.5781053065651292,-0.1491838574493885,0.12516328636733248,0.3422243496010308
2019b,2019b_1325,Midgam (Ch12),4,1.3620648536664335,2.5237053065651307,10.0,-0.5024745744151642,2.5237053065651307,-0.179369487701943,1.150041199418025,0.3422243496010308
2019b,2019b_1335,Shvakim Panorama,4,1.286075642401051,2.523705306565135,10.0,-0.5784637856805466,2.523705306565135,-0.28168180730000086,1.259531192735473,0.3422243496010308
2019b,2019b_1345,Smith,5,1.0626578142530847,2.340871571625378,10.0,-0.8174351520558609,2.340871571625378,-0.5419346297269493,1.0756682958790722,0.3422243496010308
2019b,2019b_1355,Lazar,5,2.0704711367596174,5.493285342806221,9.0,0.19037817045067174,5.493285342806221,0.5166375902074749,4.398872652465845,0.3422243496010308
2019b,2019b_1364,Smith,5,1.1167687038634073,2.21460651138441,10.0,-0.7633242624455383,2.21460651138441,-0.4878237401166266,0.949403235638104,0.3422243496010308
2019b,2019b_1374,Kantar,5,1.3218914226206298,2.52370530656513,10.0,-0.5582015436883159,2.52370530656513,-0.26493651400173296,1.2407862576581392,0.3422243496010308
2019b,2019b_1384,Maagar Mochot,6,1.1771482870239656,1.578105306565135,10.0,-0.7170061526793807,1.578105306565135,-0.4316170108522406,0.23921888251116152,0.3422243496010308
2019b,2019b_1394,Midgam Project (Ch13),7,1.4392197255219537,0.6325053065651289,10.0,-0.4678655734921475,0.6325053065651289,-0.14695625697209108,-0.8204367136326678,0.3422243496010308
2019b,2019b_1404,Midgam (Ch12),7,1.6351212362730727,1.5781053065651296,10.0,-0.27196406274102847,1.5781053065651296,0.05114102397219272,0.20444119941802402,0.3422243496010308
2019b,2019b_1414,Kantar,8,1.4395109042359755,1.5781053065651296,10.0,-0.4796101451640975,1.5781053065651296,-0.1863451154775146,0.2951862576581389,0.3422243496010308
2019b,2019b_1424,Midgam (Ch12),8,1.7683687231642782,1.5781053065651292,10.0,-0.15075232623579482,1.5781053065651292,0.17235276047742637,0.20444119941802358,0.3422243496010308
2019b,2019b_1434,Midgam Project (Ch13),12,1.8311924904868175,1.2034257884928414,10.0,-0.12981050999856936,1.2034257884928414,0.19109880652148709,-0.24951623170495518,0.3422243496010308
2019b,2019b_1444,Maagar Mochot,12,1.4763109285441416,1.5781053065651305,10.0,-0.4846920719412453,1.5781053065651305,-0.1993029301141052,0.23921888251115708,0.3422243496010308
2019b,2019b_1454,Smith,12,1.6189493300557012,1.0367751860832062,10.0,-0.3420536704296857,1.0367751860832062,-0.06655314810077403,-0.22842808966309958,0.3422243496010308
2019b,2019b_1464,Midgam (Ch12),12,1.4585322097020847,1.0367751860832062,10.0,-0.5024707907833021,1.0367751860832062,-0.17936570407008096,-0.33688892106389945,0.3422243496010308
2019b,2019b_1474,Lazar,13,1.6311396288088993,3.469305306565132,10.0,-0.3391829021034023,3.469305306565132,-0.012923482346599097,2.3748926162247557,0.3422243496010308
2019b,2019b_1484,Midgam (Ch12),15,1.6155707075053072,1.164967957167541,10.0,-0.37237181142731135,1.164967957167541,-0.04926672471409016,-0.20869614997956448,0.3422243496010308
2019b,2019b_1494,Midgam Project (Ch13),16,1.9097145763166798,-0.6157549343987272,10.0,-0.08659654220829349,-0.6157549343987272,0.23431277431176295,-2.0686969545965237,0.3422243496010308
2019b,2019b_1504,Kantar,16,1.570455114176379,1.2931607282518742,10.0,-0.4258560043485944,1.2931607282518742,-0.13259097466201147,0.010241679344883514,0.3422243496010308
2019b,2019b_1514,Maagar Mochot,19,1.547964333937132,0.7462973909989925,9.0,-0.4719931448321897,0.7462973909989925,-0.18660400300504956,-0.5925890330549809,0.3422243496010308
2019b,2019b_1523,Smith,20,1.6455093607332982,1.962076390902482,10.0,-0.38190883424637145,1.962076390902482,-0.10640831191745978,0.6968731151561763,0.3422243496010308
2019b,2019b_1533,Midgam (Ch12),20,1.8670985745720643,0.5881004872880234,10.0,-0.1603196204076054,0.5881004872880234,0.1627854663056158,-0.7855636198590822,0.3422243496010308
2020,2020_1673,Smith,3,0.9774989588035267,-0.8560727291321542,8.0,-0.8693864102582777,-0.8560727291321542,-0.7773876655219694,0.3600500457458718,0.36667399350304714
2020,2020_1681,Midgam Project (Ch13),3,1.7515066089224822,-2.1200819012058907,9.0,-0.09537876013932212,-2.1200819012058907,0.04798053587828416,-1.0177153650875157,0.36667399350304714
2020,2020_1690,Midgam (Ch12),3,1.3176540556897423,-0.4342754495929857,9.0,-0.5292313133720621,-0.4342754495929857,-0.3983853165676113,0.8184215081201884,0.36667399350304714
2020,2020_1699,Lazar,4,1.6721762388402206,-0.9955657721736322,9.0,-0.19236318924137707,-0.9955657721736322,-0.030997653100453708,0.22021091136964177,0.36667399350304714
2020,2020_1708,Maagar Mochot,4,1.977643517920026,-1.0584689979800845,9.0,0.11310408983842835,-1.0584689979800845,0.25603177979961733,0.1389436210875991,0.36667399350304714
2020,2020_1717,Kantar,4,1.2194722015643795,-0.3723399657220139,9.0,-0.6450672265172182,-0.3723399657220139,-0.55954496102661,0.8432523768479745,0.36667399350304714
2020,2020_1726,Direct Polls,5,1.3260928166358885,0.1752084213747619,9.0,-0.5540001496730571,0.1752084213747619,-0.4372070548023899,1.4863345492576054,0.36667399350304714
2020,2020_1735,Midgam (Ch12),6,1.6564994565024511,-1.247178675399444,9.0,-0.23765498320089518,-1.247178675399444,-0.1068089863964444,0.005518282313730083,0.36667399350304714
2020,2020_1744,Lazar,6,1.7525739804156855,-1.0584689979800859,9.0,-0.14158045928766083,-1.0584689979800859,0.019785076853262536,0.15730768556318808,0.36667399350304714
2020,2020_1753,Kantar,7,1.7000419239453106,-2.056210933463962,9.0,-0.20704337506879056,-2.056210933463962,-0.12152110957818238,-0.8406185908939738,0.36667399350304714
2020,2020_1762,Midgam Project (Ch13),7,2.07525858048506,-1.992339965722021,9.0,0.16817328147095867,-1.992339965722021,0.31153257748856494,-0.889973429603646,0.36667399350304714
2020,2020_1771,Kantar,8,1.2052799999745345,-2.439436739915558,9.0,-0.7138410494255385,-2.439436739915558,-0.6283187839349303,-1.2238443973455695,0.36667399350304714
2020,2020_1780,Midgam (Ch12),8,1.766931552963834,-1.3729851270123477,9.0,-0.1521894964362389,-1.3729851270123477,-0.021343499631788138,-0.12028816929917352,0.36667399350304714
2020,2020_1789,Maagar Mochot,11,1.9023335465320748,-2.631049643141381,9.0,-0.04895281870191592,-2.631049643141381,0.09397487125927301,-1.4336370240736973,0.36667399350304714
2020,2020_1798,Direct Polls,11,1.9706422130313777,-0.620081901205899,9.0,0.01935584779738697,-0.620081901205899,0.1361489426680542,0.6910442266769443,0.36667399350304714
2020,2020_1807,Lazar,12,2.2350627755918966,-2.960376094754277,9.0,0.2740597751065097,-2.960376094754277,0.43542531124743306,-1.744599411211003,0.36667399350304714
2020,2020_1816,Midgam (Ch12),12,1.8967004157178475,-2.2478238366897605,9.0,-0.06430258476753936,-2.2478238366897605,0.06654341203691141,-0.9951268789765864,0.36667399350304714
2020,2020_1825,Midgam Project (Ch13),14,1.9599806795085584,-3.9258883528187987,9.0,-0.01930931758723653,-3.9258883528187987,0.12404997843036975,-2.8235218167004237,0.36667399350304714
2020,2020_1834,Midgam (Ch12),14,2.150629011697127,-1.672985127012347,9.0,0.17133901460133227,-1.672985127012347,0.302185011405783,-0.4202881692991729,0.36667399350304714
2020,2020_1843,Lazar,17,2.247716948632245,-1.4813722237865377,9.0,0.243294911911907,-1.4813722237865377,0.4046604480528304,-0.2655955402432637,0.36667399350304714
2020,2020_1852,Midgam (Ch12),18,2.004065907014645,-1.8645980302381506,9.0,-0.008231798266353785,-1.8645980302381506,0.12261419853809699,-0.6119010725249765,0.36667399350304714
2020,2020_1861,Maagar Mochot,18,1.989546668309201,-1.6875012560446025,9.0,-0.02275103697179781,-1.6875012560446025,0.12017665298939112,-0.4900886369769189,0.36667399350304714
2020,2020_1870,Smith,18,1.6197388763890774,-2.3755657721736356,9.0,-0.3925588288919213,-2.3755657721736356,-0.30056008415561297,-1.1594429972956095,0.36667399350304714
2020,2020_1879,Lazar,19,1.963898271101426,-1.6091141592704061,9.0,-0.05605920766789585,-1.6091141592704061,0.10530632847302751,-0.3933374757271322,0.36667399350304714
2021,2021_2022,Fuchs (Ch13),4,1.8704203851497168,-2.9759131433650508,14.0,0.005880957068119086,-2.9759131433650508,-0.14785127214777027,0.5419816482532702,0.42990330438004093
2021,2021_2036,Midgam (Ch12),4,1.6796347742552153,-1.6592333014678098,14.0,-0.18490465382638233,-1.6592333014678098,-0.3118989503091277,1.7984226415200588,0.42990330438004093
2021,2021_2050,Lazar,5,1.6548633653463123,-2.8744111670804653,13.0,-0.22522960096263334,-2.8744111670804653,-0.35198239475557963,0.5123360434293955,0.42990330438004093
2021,2021_2063,Direct Polls,5,1.2755358291980665,0.1848773704689468,14.0,-0.6045571371108791,0.1848773704689468,-0.7751304138123309,3.900728917609477,0.42990330438004093
2021,2021_2077,Kantar,5,1.7043667677186651,-1.709509981309715,14.0,-0.1757261985902805,-1.709509981309715,-0.33034911073469503,1.8794161070394977,0.42990330438004093
2021,2021_2091,Smith,5,1.7043667677186651,-1.709509981309715,14.0,-0.1757261985902805,-1.709509981309715,-0.3350701308890045,1.9740793299893493,0.42990330438004093
2021,2021_2105,Maagar Mochot,5,2.196057569165025,-3.133880393506212,14.0,0.3159646028560794,-3.133880393506212,0.184052013922258,0.5555110101956773,0.42990330438004093
2021,2021_2119,Midgam (Ch12),7,1.8775027817442538,-3.5517234200448997,14.0,-0.029582517269847397,-3.5517234200448997,-0.15657681375259275,-0.09406747705703133,0.42990330438004093
2021,2021_2133,Lazar,8,2.2144697614823126,-5.4404190722188055,14.0,0.29534871208223956,-5.4404190722188055,0.16859591828929327,-2.0536718617089447,0.42990330438004093
2021,2021_2147,Fuchs (Ch13),9,2.130848520138434,-5.719312352851209,14.0,0.20042324683514856,-5.719312352851209,0.046691017619259215,-2.201417561232888,0.42990330438004093
2021,2021_2161,Maagar Mochot,12,2.0249671461500665,-3.678642298268119,14.0,0.06396414566467956,-3.678642298268119,-0.06794844326914183,0.010749105433770278,0.42990330438004093
2021,2021_2175,Lazar,12,2.325655510477916,-6.178442787633822,14.0,0.3646525099925293,-6.178442787633822,0.237899716199583,-2.791695577123961,0.42990330438004093
2021,2021_2189,Kantar,12,2.213495453452485,-5.71864229826812,14.0,0.252492452967098,-5.71864229826812,0.09786954082268345,-2.1297162099189078,0.42990330438004093
2021,2021_2203,Midgam (Ch12),13,2.5555346939809644,-6.98816610779193,14.0,0.5852121630686629,-6.98816610779193,0.4582178665859175,-3.5305101648040615,0.42990330438004093
2021,2021_2217,Fuchs (Ch13),14,2.052180515848904,-5.533383499096276,14.0,0.07289051875310903,-5.533383499096276,-0.08084171046278031,-2.015488707477955,0.42990330438004093
2021,2021_2231,Lazar,15,2.338109092103299,-7.236737536363352,14.0,0.35016657317068045,-7.236737536363352,0.22341377937773416,-3.849990325853491,0.42990330438004093
2021,2021_2245,Midgam (Ch12),19,2.397492179189059,-7.17494296729606,14.0,0.37753470041973713,-7.17494296729606,0.2505404039369918,-3.7172870243081917,0.42990330438004093
2021,2021_2259,Lazar,19,2.734769566969122,-7.145308964934783,14.0,0.7148120881998001,-7.145308964934783,0.5880592944068538,-3.758561754424922,0.42990330438004093
2021,2021_2273,Maagar Mochot,19,2.2996201286547064,-4.615122629531058,14.0,0.2796626498853847,-4.615122629531058,0.1477500609515633,-0.9257312258291686,0.42990330438004093
2021,2021_2287,Kantar,19,2.324570742919487,-6.754832774458593,14.0,0.3046132641501651,-6.754832774458593,0.14999035200575056,-3.16590668610938,0.42990330438004093
2021,2021_2301,Direct Polls,20,2.3393136074185525,-5.859480848827783,14.0,0.31189541243888286,-5.859480848827783,0.14132213573743108,-2.1436293016872527,0.42990330438004093
2021,2021_2315,Fuchs (Ch13),21,2.3667948340832483,-6.6337787560132675,14.0,0.3321002234904973,-6.6337787560132675,0.17836799427460792,-3.1158839643949463,0.42990330438004093
2021,2021_2329,Maagar Mochot,21,2.56825523252196,-4.861499441125259,14.0,0.5335606219292091,-4.861499441125259,0.40164803299538765,-1.1721080374233699,0.42990330438004093
2021,2021_2343,Midgam (Ch12),21,2.7800671325416215,-7.704899175521009,14.0,0.7453725219488705,-7.704899175521009,0.6183782254661252,-4.24724323253314,0.42990330438004093
2022,2022_2594,Fuchs (Ch13),4,1.356202106792349,-1.5026939550550291,13.0,-0.5083373212892486,-1.5026939550550291,0.13673640458223368,-1.0874408194410454,0.5481394837915405
2022,2022_2607,Midgam (Ch12),4,1.0541750585237075,-1.1245266243777379,13.0,-0.8103643695578902,-1.1245266243777379,-0.1866288402783254,-0.76117322893351,0.5481394837915405
2022,2022_2620,Smith,5,0.8022211734258405,-0.21472582756498212,13.0,-1.077871792883105,-0.21472582756498212,-0.46035814132530434,0.36642478480862994,0.5481394837915405
2022,2022_2633,Direct Polls,5,1.2070387831374543,0.6290988736302268,13.0,-0.6730541831714913,0.6290988736302268,-0.03428730871863497,1.3216237223916203,0.5481394837915405
2022,2022_2646,Kantar,5,0.9678152780164118,-1.176638178162602,13.0,-0.9122776882925339,-1.176638178162602,-0.30501965251169005,-0.7031683094808896,0.5481394837915405
2022,2022_2659,Lazar,5,0.9599076271677325,-0.8787895725849155,13.0,-0.9201853391412131,-0.8787895725849155,-0.30122926302444014,-0.2971988160261396,0.5481394837915405
2022,2022_2672,Maagar Mochot,6,1.1151655192496033,-0.030183994895668143,13.0,-0.778988920453743,-0.030183994895668143,-0.15192549813566755,0.5102229255788733,0.5481394837915405
2022,2022_2685,Smith,7,1.0260918609828042,0.9307721804031363,12.0,-0.8809934380312969,0.9307721804031363,-0.2634797864734963,1.5119227927767482,0.5481394837915405
2022,2022_2697,Midgam (Ch12),7,1.2384162182603986,-2.6462796124255537,13.0,-0.6686690807537026,-2.6462796124255537,-0.04493355147413783,-2.282926216981326,0.5481394837915405
2022,2022_2710,Fuchs (Ch13),7,1.249011954270789,-1.1144867837402932,13.0,-0.6580733447433122,-1.1144867837402932,-0.01299961887182996,-0.6992336481263095,0.5481394837915405
2022,2022_2723,Lazar,7,0.9490075612948692,-0.8787895725849155,13.0,-0.958077737719232,-0.8787895725849155,-0.339121661602459,-0.2971988160261396,0.5481394837915405
2022,2022_2736,Direct Polls,8,1.2118313063046557,0.6902940927537251,13.0,-0.7072897430954173,0.6902940927537251,-0.06852286864256088,1.3828189415151186,0.5481394837915405
2022,2022_2749,Midgam (Ch12),8,1.0460778929548655,-1.179506704059013,13.0,-0.8730431564452075,-1.179506704059013,-0.24930762716564273,-0.8161533086147852,0.5481394837915405
2022,2022_2762,Lazar,9,0.9781170745249469,-0.21281347696738478,13.0,-0.9523081987783385,-0.21281347696738478,-0.3333521226615655,0.3687772795913911,0.5481394837915405
2022,2022_2775,Kantar,9,0.8060166417468709,-1.1823752299554315,13.0,-1.1244086315564146,-1.1823752299554315,-0.5171505957755708,-0.7089053612737191,0.5481394837915405
2022,2022_2788,Direct Polls,12,1.2070387831374543,0.6290988736302268,13.0,-0.7539642173479326,0.6290988736302268,-0.11519734289507624,1.3216237223916203,0.5481394837915405
2022,2022_2801,Fuchs (Ch13),12,1.1559774564779741,-1.6580724411108085,13.0,-0.8050255440074128,-1.6580724411108085,-0.15995181813593048,-1.2428193054968248,0.5481394837915405
2022,2022_2814,Lazar,12,1.0326410152162622,-0.8238094929036424,13.0,-0.9283619852691247,-0.8238094929036424,-0.3094059091523517,-0.2422187363448665,0.5481394837915405
2022,2022_2827,Midgam (Ch12),13,1.0902773481531896,-0.7038094929036427,13.0,-0.880045182759112,-0.7038094929036427,-0.25630965347954726,-0.34045609745941485,0.5481394837915405
2022,2022_2840,Lazar,13,1.151491523502424,-0.7630923614295364,13.0,-0.8188310074098777,-0.7630923614295364,-0.19987493129310469,-0.18150160487076053,0.5481394837915405
2022,2022_2853,Midgam (Ch12),14,1.120856088685255,-1.6800644729833223,13.0,-0.8584339084105399,-1.6800644729833223,-0.23469837913097516,-1.3167110775390944,0.5481394837915405
2022,2022_2866,Kantar,14,1.0166065294447533,-1.1187895725849157,13.0,-0.9626834676510416,-1.1187895725849157,-0.3554254318701978,-0.6453197039032033,0.5481394837915405
2022,2022_2879,Direct Polls,19,1.257138083817485,0.9302940927537253,13.0,-0.7628193949518367,0.9302940927537253,-0.12405252049898033,1.6228189415151189,0.5481394837915405
2022,2022_2892,Fuchs (Ch13),19,1.3044945308634766,-2.088351325572961,13.0,-0.7154629479058452,-2.088351325572961,-0.0703892220343629,-1.6730981899589772,0.5481394837915405
2022,2022_2905,Lazar,19,1.2087007614501684,-0.09950670405901296,13.0,-0.8112567173191534,-0.09950670405901296,-0.19230064120238038,0.4820840524997629,0.5481394837915405
2022,2022_2918,Lazar,20,1.3380819796937857,-0.04452662437773569,13.0,-0.689336215285884,-0.04452662437773569,-0.07038013916911096,0.5370641321810402,0.5481394837915405
2022,2022_2931,Lazar,21,1.2544652557899936,-0.21950670405901307,13.0,-0.7802293548027575,-0.21950670405901307,-0.16127327868598446,0.3620840524997628,0.5481394837915405
2022,2022_2944,Midgam (Ch12),21,1.0637831860972973,-1.7283513255729583,13.0,-0.9709114244954538,-1.7283513255729583,-0.347175895215889,-1.3649979301287307,0.5481394837915405
2022,2022_2957,Kantar,21,1.0866422371256435,-0.9452437558518447,13.0,-0.9480523734671076,-0.9452437558518447,-0.34079433768626377,-0.4717738871701322,0.5481394837915405
