pollster,polls,elections,n_time_weighted,adj_error,adj_bias,pred_error,pred_bias,raw_error,raw_bias,bloc_rms,pred_bloc_rms,pollscore,quality,bloc_quality
Smith,14,6,5.082713266790897,-0.22911714646226575,0.24091645863699124,-0.0772100310716048,0.08118627324160826,1.7273397575245464,-0.860084651447651,2.1824536257652127,2.768821568293726,-0.020451212954991575,1.0213970298906843,1.2268648162122342
Kantar,15,5,6.249358623823202,-0.2418856142521539,-0.5248707319602905,-0.09302705321484309,-0.20186060946180803,1.5602620859758767,-1.64365429291088,2.886735261710654,2.997582909808009,-0.0013761221338075488,1.001418571186996,1.0467530683102308
Shvakim Panorama,1,1,0.3422243496010308,-0.28168180730000086,1.259531192735473,-0.009320854976560669,0.04167790493277552,1.286075642401051,2.523705306565135,2.523705306565135,3.0488827301438444,0.0046590353706656516,0.9952195597690029,1.0118245441812492
Geocartography,2,1,0.34698823401638623,-0.013821968496686207,3.2282919088946733,-0.0004635223633025807,0.10826138805049472,2.3636655556964263,1.8977858294697834,2.30021640057751,3.041146188500624,0.02397622112028767,0.9757602221317797,1.0169791663585286
Teleseker,6,1,1.0409647020491588,-0.23340940372436567,1.7777795380880423,-0.022006315295828423,0.16761268576752583,2.178813050717746,0.2840706900275504,1.2085320889613778,2.8916490461766347,0.02647617827883571,0.973283644469417,1.1248522619871963
Dialog,6,2,1.1876684581433066,0.23865598740596383,-1.0723700973449046,0.02533541190012611,-0.11384142682075682,2.573131006944011,-2.5178535525638726,2.845403120140203,3.0433464727280133,0.038123422852741055,0.961868697637529,1.0155091830019425
Maagar Mochot,18,6,6.342425330152029,0.059232874311983263,0.34134517425263217,0.022988025022265112,0.1324746012766339,2.102037975643385,-1.301127933501071,2.9796337084200895,3.0330051451454367,0.04111623388580594,0.9589680047630117,1.0224459443524507
Miskar,2,1,0.640395746204682,0.41654927275069703,2.225768916211733,0.025070156102920276,0.13395864025875304,2.7558911371089456,-0.4239460102581547,0.4322983482989696,2.908293879767365,0.042489140630661316,0.9576417442155646,1.112013531422922
Direct Polls,9,4,4.105910404034679,-0.13841999552639053,1.1019861759757197,-0.04029091944293647,0.3207631677390296,1.5766473077520657,-0.6826458081484942,2.1395283236191314,2.7969316603654137,0.05157936505279552,0.948929383302646,1.2023279431052194
Lazar,32,6,11.867899243518885,-0.013337402886110355,-0.5342578285125282,-0.0072383246264264775,-0.2899463733685828,1.9637982654421067,-2.1037594280621046,3.2807010293843177,3.1829113667202575,0.06121481775495534,0.9398236280614323,0.9284051916124155
Fuchs (Ch13),8,2,3.9121711526863256,-0.015335795569054162,-1.4051193484619404,-0.004312501360879512,-0.3951264918181207,1.6857412879531115,-3.403249032100612,3.775558529593957,3.2661463455062627,0.08619671886119347,0.9168164795521009,0.8816888939883599
Midgam Project (Ch13),12,3,4.0699087444249695,0.19947337870991974,-1.2630949044769721,0.05770033502265443,-0.3653670460944804,2.1598922877546762,-2.0524761389202064,2.965612350254348,3.0375696258482994,0.11054872269188293,0.8951930700495515,1.0193754446349574
Midgam (Ch12),36,6,12.974093297039463,-0.003180059443926687,-1.2690493313492652,-0.0017958657772558534,-0.716666560485877,1.9666831917228906,-2.364559249825801,3.5237488720792767,3.324875608265478,0.1593535817561106,0.8540976330449639,0.8508163886935278
