mae,bandwidth,half_life,degree,mix,prior_sd,tau,iters
0.5439052510691927,20,4,1,0.8,2.5,0.6,12
0.5444166862585347,4,4,1,0.8,2.5,0.6,12
0.5447201084379558,12,4,1,0.8,2.5,0.6,12
0.5448406629772665,7,4,1,0.8,2.5,0.6,12
0.5448853444887479,20,7,1,0.8,2.5,0.6,12
0.545422980840595,12,7,1,0.8,2.5,0.6,12
0.5458171893630278,7,7,1,0.8,2.5,0.6,12
0.5461355146981091,4,7,1,0.8,2.5,0.6,12
0.5466004894095531,20,14,1,0.8,2.5,0.6,12
0.5467285836544669,4,4,0,0.8,2.5,0.6,12
0.5473525996384048,12,14,1,0.8,2.5,0.6,12
0.5474827078326526,7,4,0,0.8,2.5,0.6,12
0.5475188434711614,4,4,0,0.0,2.5,0.6,12
0.5475188434711614,4,4,1,0.0,2.5,0.6,12
0.5475188434711614,7,4,0,0.0,2.5,0.6,12
0.5475188434711614,7,4,1,0.0,2.5,0.6,12
0.5475188434711614,12,4,0,0.0,2.5,0.6,12
0.5475188434711614,12,4,1,0.0,2.5,0.6,12
0.5475188434711614,20,4,0,0.0,2.5,0.6,12
0.5475188434711614,20,4,1,0.0,2.5,0.6,12
0.5479017430723376,20,28,1,0.8,2.5,0.6,12
0.5490060897051549,7,14,1,0.8,2.5,0.6,12
0.5490069058285957,12,28,1,0.8,2.5,0.6,12
0.5502313690631029,4,7,0,0.8,2.5,0.6,12
0.5509908302685183,4,14,1,0.8,2.5,0.6,12
0.5516410862290632,7,28,1,0.8,2.5,0.6,12
0.5517248689297092,7,7,0,0.8,2.5,0.6,12
0.552913087058267,12,4,0,0.8,2.5,0.6,12
0.5549589788924932,4,28,1,0.8,2.5,0.6,12
0.5556659236897183,4,7,0,0.0,2.5,0.6,12
0.5556659236897183,4,7,1,0.0,2.5,0.6,12
0.5556659236897183,7,7,0,0.0,2.5,0.6,12
0.5556659236897183,7,7,1,0.0,2.5,0.6,12
0.5556659236897183,12,7,0,0.0,2.5,0.6,12
0.5556659236897183,12,7,1,0.0,2.5,0.6,12
0.5556659236897183,20,7,0,0.0,2.5,0.6,12
0.5556659236897183,20,7,1,0.0,2.5,0.6,12
0.5563227045170779,4,14,0,0.8,2.5,0.6,12
0.5576249150360317,7,14,0,0.8,2.5,0.6,12
0.5582338142744874,12,7,0,0.8,2.5,0.6,12
0.5605940035987229,20,4,0,0.8,2.5,0.6,12
0.5609021439480123,4,28,0,0.8,2.5,0.6,12
0.5618119750908308,7,28,0,0.8,2.5,0.6,12
0.5643160692370585,12,14,0,0.8,2.5,0.6,12
0.566619479818421,20,7,0,0.8,2.5,0.6,12
0.5682767914962521,12,28,0,0.8,2.5,0.6,12
0.5694427421131077,4,14,0,0.0,2.5,0.6,12
0.5694427421131077,4,14,1,0.0,2.5,0.6,12
0.5694427421131077,7,14,0,0.0,2.5,0.6,12
0.5694427421131077,7,14,1,0.0,2.5,0.6,12
0.5694427421131077,12,14,0,0.0,2.5,0.6,12
0.5694427421131077,12,14,1,0.0,2.5,0.6,12
0.5694427421131077,20,14,0,0.0,2.5,0.6,12
0.5694427421131077,20,14,1,0.0,2.5,0.6,12
0.5732013257214944,20,14,0,0.8,2.5,0.6,12
0.577456310398263,20,28,0,0.8,2.5,0.6,12
0.5796137643628061,4,28,0,0.0,2.5,0.6,12
0.5796137643628061,4,28,1,0.0,2.5,0.6,12
0.5796137643628061,7,28,0,0.0,2.5,0.6,12
0.5796137643628061,7,28,1,0.0,2.5,0.6,12
0.5796137643628061,12,28,0,0.0,2.5,0.6,12
0.5796137643628061,12,28,1,0.0,2.5,0.6,12
0.5796137643628061,20,28,0,0.0,2.5,0.6,12
0.5796137643628061,20,28,1,0.0,2.5,0.6,12
