uid,country,days_out,party,family,avg,result,err
Germany 2013,Germany,0,union,R,39.44737022355433,41.55,-2.102629776445667
Germany 2013,Germany,0,spd,L,26.662864212032858,25.73,0.9328642120328574
Germany 2013,Germany,0,fdp,R,5.213964268263091,4.76,0.4539642682630909
Germany 2013,Germany,0,linke,L,8.875861140017062,8.59,0.28586114001706164
Germany 2013,Germany,0,gruene,L,9.470791415712382,8.45,1.0207914157123827
Germany 2013,Germany,0,piraten,X,2.5024979961970186,2.19,0.3124979961970187
Germany 2013,Germany,0,afd,R,3.8770481076008156,4.7,-0.8229518923991845
Germany 2013,Germany,7,union,R,39.439457314834115,41.55,-2.110542685165882
Germany 2013,Germany,7,spd,L,25.9056872724855,25.73,0.17568727248550076
Germany 2013,Germany,7,fdp,R,5.299233377847029,4.76,0.5392333778470295
Germany 2013,Germany,7,linke,L,8.494585303537173,8.59,-0.09541469646282685
Germany 2013,Germany,7,gruene,L,10.601252034409727,8.45,2.151252034409728
Germany 2013,Germany,7,piraten,X,2.8598732153306266,2.19,0.6698732153306266
Germany 2013,Germany,7,afd,R,3.477361676083233,4.7,-1.222638323916767
Germany 2013,Germany,14,union,R,40.24629126695295,41.55,-1.3037087330470456
Germany 2013,Germany,14,spd,L,25.070708323906842,25.73,-0.659291676093158
Germany 2013,Germany,14,fdp,R,5.384990926141713,4.76,0.624990926141713
Germany 2013,Germany,14,linke,L,8.344019922508984,8.59,-0.2459800774910157
Germany 2013,Germany,14,gruene,L,11.379999867155078,8.45,2.929999867155079
Germany 2013,Germany,14,piraten,X,2.69146275479234,2.19,0.5014627547923403
Germany 2013,Germany,14,afd,R,3.033064267800634,4.7,-1.666935732199366
Germany 2013,Germany,21,union,R,40.06636499864902,41.55,-1.4836350013509758
Germany 2013,Germany,21,spd,L,24.331704028442743,25.73,-1.398295971557257
Germany 2013,Germany,21,fdp,R,5.841464012826688,4.76,1.0814640128266886
Germany 2013,Germany,21,linke,L,8.34734556994663,8.59,-0.24265443005337062
Germany 2013,Germany,21,gruene,L,11.973777683686198,8.45,3.5237776836861983
Germany 2013,Germany,21,piraten,X,2.7104456846895495,2.19,0.5204456846895495
Germany 2013,Germany,21,afd,R,2.9339994663302154,4.7,-1.7660005336697848
Germany 2013,Germany,28,union,R,40.382280470204684,41.55,-1.1677195297953133
Germany 2013,Germany,28,spd,L,24.34209976419328,25.73,-1.3879002358067218
Germany 2013,Germany,28,fdp,R,5.704386095475718,4.76,0.9443860954757186
Germany 2013,Germany,28,linke,L,8.146477038456554,8.59,-0.4435229615434455
Germany 2013,Germany,28,gruene,L,12.760881691796762,8.45,4.310881691796762
Germany 2013,Germany,28,piraten,X,2.630865162715782,2.19,0.44086516271578224
Germany 2013,Germany,28,afd,R,2.56076992271465,4.7,-2.13923007728535
Germany 2017,Germany,0,union,R,35.77853592295415,32.93,2.8485359229541487
Germany 2017,Germany,0,spd,L,21.938639770927708,20.51,1.428639770927706
Germany 2017,Germany,0,linke,L,9.599644289813387,9.24,0.3596442898133869
Germany 2017,Germany,0,gruene,L,7.609221875208185,8.94,-1.3307781247918147
Germany 2017,Germany,0,fdp,R,9.353955211240997,10.75,-1.3960447887590028
Germany 2017,Germany,0,afd,R,11.151799561628582,12.64,-1.4882004383714182
Germany 2017,Germany,7,union,R,36.23600581591488,32.93,3.3060058159148795
Germany 2017,Germany,7,spd,L,22.504331048114736,20.51,1.9943310481147343
Germany 2017,Germany,7,linke,L,9.555937932642411,9.24,0.3159379326424112
Germany 2017,Germany,7,gruene,L,7.69235338652906,8.94,-1.2476466134709394
Germany 2017,Germany,7,fdp,R,9.392734425199164,10.75,-1.3572655748008362
Germany 2017,Germany,7,afd,R,10.389796656673575,12.64,-2.250203343326426
Germany 2017,Germany,14,union,R,36.823423247711915,32.93,3.8934232477119153
Germany 2017,Germany,14,spd,L,23.321249434868378,20.51,2.811249434868376
Germany 2017,Germany,14,linke,L,9.311819731793976,9.24,0.07181973179397616
Germany 2017,Germany,14,gruene,L,7.609388956224135,8.94,-1.330611043775865
Germany 2017,Germany,14,fdp,R,8.762925791881763,10.75,-1.987074208118237
Germany 2017,Germany,14,afd,R,9.672102142493948,12.64,-2.9678978575060526
Germany 2017,Germany,21,union,R,37.78619573518929,32.93,4.856195735189289
Germany 2017,Germany,21,spd,L,23.50766001330059,20.51,2.997660013300589
Germany 2017,Germany,21,linke,L,8.87521219387503,9.24,-0.36478780612497097
Germany 2017,Germany,21,gruene,L,7.406842091566315,8.94,-1.5331579084336848
Germany 2017,Germany,21,fdp,R,8.57639323473626,10.75,-2.17360676526374
Germany 2017,Germany,21,afd,R,9.26013326456945,12.64,-3.37986673543055
Germany 2017,Germany,28,union,R,38.19897623392295,32.93,5.268976233922949
Germany 2017,Germany,28,spd,L,23.370986090578576,20.51,2.8609860905785744
Germany 2017,Germany,28,linke,L,8.783891064370504,9.24,-0.45610893562949606
Germany 2017,Germany,28,gruene,L,7.356395454356266,8.94,-1.583604545643733
Germany 2017,Germany,28,fdp,R,8.864527624507513,10.75,-1.885472375492487
Germany 2017,Germany,28,afd,R,8.981552570773825,12.64,-3.6584474292261753
Germany 2021,Germany,0,union,R,22.174805175369187,24.14,-1.9651948246308137
Germany 2021,Germany,0,spd,L,25.43070939982855,25.71,-0.2792906001714499
Germany 2021,Germany,0,afd,R,10.91193551973907,10.39,0.5219355197390687
Germany 2021,Germany,0,fdp,R,11.699810833007588,11.43,0.2698108330075879
Germany 2021,Germany,0,linke,L,6.658228210708371,4.87,1.788228210708371
Germany 2021,Germany,0,gruene,L,15.05121069787363,14.72,0.33121069787362956
Germany 2021,Germany,0,fw,R,2.6715815820475255,2.43,0.24158158204752533
Germany 2021,Germany,7,union,R,21.43509317649854,24.14,-2.70490682350146
Germany 2021,Germany,7,spd,L,26.250184242208228,25.71,0.5401842422082268
Germany 2021,Germany,7,afd,R,11.042884432613228,10.39,0.6528844326132273
Germany 2021,Germany,7,fdp,R,11.356757812909297,11.43,-0.07324218709070252
Germany 2021,Germany,7,linke,L,6.719337438034337,4.87,1.849337438034337
Germany 2021,Germany,7,gruene,L,15.49777497221326,14.72,0.7777749722132601
Germany 2021,Germany,7,fw,R,3.0000801621434388,2.43,0.5700801621434386
Germany 2021,Germany,14,union,R,20.856200599536656,24.14,-3.2837994004633444
Germany 2021,Germany,14,spd,L,26.335689485416594,25.71,0.6256894854165935
Germany 2021,Germany,14,afd,R,11.489464868744687,10.39,1.0994648687446862
Germany 2021,Germany,14,fdp,R,11.688443474920916,11.43,0.25844347492091657
Germany 2021,Germany,14,linke,L,6.447412474926091,4.87,1.5774124749260912
Germany 2021,Germany,14,gruene,L,15.531269831296827,14.72,0.8112698312968263
Germany 2021,Germany,14,fw,R,3.005057215523696,2.43,0.5750572155236959
Germany 2021,Germany,21,union,R,20.69283106775726,24.14,-3.4471689322427395
Germany 2021,Germany,21,spd,L,25.535662807480602,25.71,-0.17433719251939905
Germany 2021,Germany,21,afd,R,11.2261159773972,10.39,0.8361159773971991
Germany 2021,Germany,21,fdp,R,12.21712566262957,11.43,0.7871256626295704
Germany 2021,Germany,21,linke,L,7.023075749244868,4.87,2.153075749244868
Germany 2021,Germany,21,gruene,L,16.314579907079562,14.72,1.5945799070795612
Germany 2021,Germany,21,fw,R,3.1694536688461272,2.43,0.7394536688461271
Germany 2021,Germany,28,union,R,21.856641632985607,24.14,-2.2833583670143938
Germany 2021,Germany,28,spd,L,23.50059033444905,25.71,-2.2094096655509503
Germany 2021,Germany,28,afd,R,11.247114210618694,10.39,0.8571142106186933
Germany 2021,Germany,28,fdp,R,11.970290825211132,11.43,0.540290825211132
Germany 2021,Germany,28,linke,L,7.083330148018221,4.87,2.213330148018221
Germany 2021,Germany,28,gruene,L,17.251634732160156,14.72,2.531634732160155
Germany 2021,Germany,28,fw,R,3.1689752146951276,2.43,0.7389752146951274
Germany 2025,Germany,0,union,R,29.97956075147671,28.52,1.4595607514767117
Germany 2025,Germany,0,afd,R,20.545151082048555,20.8,-0.2548489179514455
Germany 2025,Germany,0,spd,L,14.98740098937915,16.41,-1.42259901062085
Germany 2025,Germany,0,gruene,L,12.846137443558046,11.61,1.2361374435580466
Germany 2025,Germany,0,linke,L,7.46126341410416,8.77,-1.30873658589584
Germany 2025,Germany,0,bsw,X,4.395835156765378,4.98,-0.584164843234622
Germany 2025,Germany,0,fdp,R,4.431457622221018,4.33,0.10145762222101773
Germany 2025,Germany,0,fw,R,1.990325621091061,1.55,0.4403256210910609
Germany 2025,Germany,7,union,R,30.237987316818806,28.52,1.7179873168188067
Germany 2025,Germany,7,afd,R,20.49022511482058,20.8,-0.3097748851794222
Germany 2025,Germany,7,spd,L,14.803252469425576,16.41,-1.6067475305744239
Germany 2025,Germany,7,gruene,L,13.235224222358095,11.61,1.6252242223580957
Germany 2025,Germany,7,linke,L,6.0838923013674435,8.77,-2.686107698632556
Germany 2025,Germany,7,bsw,X,4.730221785724693,4.98,-0.24977821427530777
Germany 2025,Germany,7,fdp,R,4.264389028974522,4.33,-0.06561097102547819
Germany 2025,Germany,7,fw,R,1.79257996115629,1.55,0.24257996115629
Germany 2025,Germany,14,union,R,29.390545440051344,28.52,0.8705454400513446
Germany 2025,Germany,14,afd,R,20.748492675312676,20.8,-0.051507324687324996
Germany 2025,Germany,14,spd,L,15.815437141563923,16.41,-0.5945628584360776
Germany 2025,Germany,14,gruene,L,13.18620990241141,11.61,1.57620990241141
Germany 2025,Germany,14,linke,L,5.3511556419949295,8.77,-3.41884435800507
Germany 2025,Germany,14,bsw,X,4.946589709831263,4.98,-0.033410290168737866
Germany 2025,Germany,14,fdp,R,4.149344783938181,4.33,-0.1806552160618189
Germany 2025,Germany,14,fw,R,2.2494312451859644,1.55,0.6994312451859643
Germany 2025,Germany,21,union,R,29.370995563769632,28.52,0.8509955637696329
Germany 2025,Germany,21,afd,R,21.42340901910523,20.8,0.6234090191052282
Germany 2025,Germany,21,spd,L,15.748984028343543,16.41,-0.6610159716564574
Germany 2025,Germany,21,gruene,L,13.626198933921955,11.61,2.016198933921956
Germany 2025,Germany,21,linke,L,4.398214779555484,8.77,-4.371785220444516
Germany 2025,Germany,21,bsw,X,4.737828541337545,4.98,-0.24217145866245549
Germany 2025,Germany,21,fdp,R,4.008763549513779,4.33,-0.3212364504862215
Germany 2025,Germany,21,fw,R,1.8441776110873849,1.55,0.2941776110873848
Germany 2025,Germany,28,union,R,30.256311500852277,28.52,1.7363115008522776
Germany 2025,Germany,28,afd,R,20.246219580600737,20.8,-0.5537804193992635
Germany 2025,Germany,28,spd,L,16.289300356942167,16.41,-0.12069964305783287
Germany 2025,Germany,28,gruene,L,13.681626376449401,11.61,2.0716263764494016
Germany 2025,Germany,28,linke,L,3.78382445062742,8.77,-4.98617554937258
Germany 2025,Germany,28,bsw,X,4.986525958898431,4.98,0.006525958898430773
Germany 2025,Germany,28,fdp,R,4.070004614492619,4.33,-0.25999538550738066
Germany 2025,Germany,28,fw,R,1.8943842700667655,1.55,0.3443842700667654
Netherlands 2017,Netherlands,0,vvd,R,17.262687070638137,21.29,-4.027312929361862
Netherlands 2017,Netherlands,0,pvda,L,7.336013295704089,5.7,1.636013295704089
Netherlands 2017,Netherlands,0,pvv,R,14.682633053100695,13.06,1.622633053100694
Netherlands 2017,Netherlands,0,sp,L,9.8598705066498,9.09,0.7698705066498004
Netherlands 2017,Netherlands,0,cda,R,13.480686129815002,12.38,1.100686129815001
Netherlands 2017,Netherlands,0,d66,L,11.895159609821505,12.23,-0.33484039017849554
Netherlands 2017,Netherlands,0,cu,X,4.0867744044578815,3.39,0.6967744044578814
Netherlands 2017,Netherlands,0,gl,L,11.108183164138424,9.13,1.9781831641384233
Netherlands 2017,Netherlands,0,sgp,R,2.497598843167741,2.08,0.4175988431677409
Netherlands 2017,Netherlands,0,pvdd,L,3.247540423306974,3.19,0.05754042330697384
Netherlands 2017,Netherlands,0,plus50,X,3.5589156945125806,3.11,0.44891569451258073
Netherlands 2017,Netherlands,7,vvd,R,16.651747908122424,21.29,-4.638252091877575
Netherlands 2017,Netherlands,7,pvda,L,7.964601878483824,5.7,2.264601878483824
Netherlands 2017,Netherlands,7,pvv,R,15.80057224065951,13.06,2.7405722406595103
Netherlands 2017,Netherlands,7,sp,L,9.245380207770133,9.09,0.15538020777013273
Netherlands 2017,Netherlands,7,cda,R,12.408370654662118,12.38,0.02837065466211719
Netherlands 2017,Netherlands,7,d66,L,12.088140175749912,12.23,-0.1418598242500888
Netherlands 2017,Netherlands,7,cu,X,4.202228505260359,3.39,0.8122285052603586
Netherlands 2017,Netherlands,7,gl,L,10.540508414633898,9.13,1.410508414633897
Netherlands 2017,Netherlands,7,sgp,R,2.690136359891444,2.08,0.610136359891444
Netherlands 2017,Netherlands,7,pvdd,L,3.5755582859726105,3.19,0.38555828597261055
Netherlands 2017,Netherlands,7,plus50,X,3.8747472464940973,3.11,0.7647472464940974
Netherlands 2017,Netherlands,14,vvd,R,16.598081185813058,21.29,-4.691918814186941
Netherlands 2017,Netherlands,14,pvda,L,8.323585201505598,5.7,2.6235852015055974
Netherlands 2017,Netherlands,14,pvv,R,16.513472843278585,13.06,3.4534728432785844
Netherlands 2017,Netherlands,14,sp,L,8.476545922666041,9.09,-0.6134540773339587
Netherlands 2017,Netherlands,14,cda,R,11.737875272354671,12.38,-0.6421247276453297
Netherlands 2017,Netherlands,14,d66,L,11.342508260761093,12.23,-0.8874917392389072
Netherlands 2017,Netherlands,14,cu,X,4.612513929338432,3.39,1.2225139293384317
Netherlands 2017,Netherlands,14,gl,L,10.840950812935333,9.13,1.710950812935332
Netherlands 2017,Netherlands,14,sgp,R,2.769492039366807,2.08,0.6894920393668071
Netherlands 2017,Netherlands,14,pvdd,L,3.5600050559809233,3.19,0.37000505598092337
Netherlands 2017,Netherlands,14,plus50,X,4.244499724282827,3.11,1.134499724282827
Netherlands 2017,Netherlands,21,vvd,R,16.168868453635678,21.29,-5.121131546364321
Netherlands 2017,Netherlands,21,pvda,L,7.974690636970347,5.7,2.2746906369703472
Netherlands 2017,Netherlands,21,pvv,R,16.86829021014447,13.06,3.8082902101444684
Netherlands 2017,Netherlands,21,sp,L,7.434047778057509,9.09,-1.6559522219424911
Netherlands 2017,Netherlands,21,cda,R,11.597025136385493,12.38,-0.7829748636145073
Netherlands 2017,Netherlands,21,d66,L,11.521503620174354,12.23,-0.7084963798256467
Netherlands 2017,Netherlands,21,cu,X,4.327951616325417,3.39,0.9379516163254169
Netherlands 2017,Netherlands,21,gl,L,10.914903647390963,9.13,1.784903647390962
Netherlands 2017,Netherlands,21,sgp,R,2.7847801926467417,2.08,0.7047801926467416
Netherlands 2017,Netherlands,21,pvdd,L,3.3744145407656845,3.19,0.18441454076568453
Netherlands 2017,Netherlands,21,plus50,X,6.050151343995428,3.11,2.9401513439954283
Netherlands 2017,Netherlands,28,vvd,R,15.726125954621224,21.29,-5.563874045378775
Netherlands 2017,Netherlands,28,pvda,L,7.844297964732032,5.7,2.144297964732032
Netherlands 2017,Netherlands,28,pvv,R,16.881351772422445,13.06,3.821351772422444
Netherlands 2017,Netherlands,28,sp,L,7.742377054968452,9.09,-1.3476229450315476
Netherlands 2017,Netherlands,28,cda,R,11.684928962153318,12.38,-0.6950710378466827
Netherlands 2017,Netherlands,28,d66,L,11.558920022700468,12.23,-0.6710799772995326
Netherlands 2017,Netherlands,28,cu,X,4.282513304224964,3.39,0.892513304224964
Netherlands 2017,Netherlands,28,gl,L,10.880525374064124,9.13,1.7505253740641233
Netherlands 2017,Netherlands,28,sgp,R,2.650701513369583,2.08,0.570701513369583
Netherlands 2017,Netherlands,28,pvdd,L,3.6580195282245285,3.19,0.4680195282245285
Netherlands 2017,Netherlands,28,plus50,X,6.17371290197176,3.11,3.0637129019717597
Netherlands 2021,Netherlands,0,vvd,R,21.902554514310147,21.87,0.03255451431014578
Netherlands 2021,Netherlands,0,pvv,R,12.793379567681304,10.79,2.0033795676813053
Netherlands 2021,Netherlands,0,cda,R,10.807475051943756,9.5,1.3074750519437561
Netherlands 2021,Netherlands,0,d66,L,11.280055672406164,15.02,-3.739944327593836
Netherlands 2021,Netherlands,0,gl,L,6.504387729809027,5.16,1.3443877298090268
Netherlands 2021,Netherlands,0,sp,L,7.105197193070412,5.98,1.1251971930704112
Netherlands 2021,Netherlands,0,pvda,L,7.415890803668307,5.73,1.6858908036683067
Netherlands 2021,Netherlands,0,cu,X,4.052153755154855,3.37,0.6821537551548547
Netherlands 2021,Netherlands,0,pvdd,L,3.9731822264348917,3.84,0.13318222643489186
Netherlands 2021,Netherlands,0,plus50,X,0.881399593324589,1.02,-0.13860040667541107
Netherlands 2021,Netherlands,0,sgp,R,2.1766739170406524,2.07,0.10667391704065254
Netherlands 2021,Netherlands,0,denk,L,1.5393283446683554,2.03,-0.49067165533164436
Netherlands 2021,Netherlands,0,fvd,R,3.4464619948258886,5.02,-1.573538005174111
Netherlands 2021,Netherlands,0,ja21,R,1.6721512189477075,2.37,-0.6978487810522926
Netherlands 2021,Netherlands,0,volt,L,2.070529957644254,2.42,-0.34947004235574575
Netherlands 2021,Netherlands,0,bij1,L,0.791502003193465,0.84,-0.04849799680653499
Netherlands 2021,Netherlands,0,bbb,R,0.938370906668118,1.0,-0.061629093331882046
Netherlands 2021,Netherlands,7,vvd,R,23.510692204277433,21.87,1.640692204277432
Netherlands 2021,Netherlands,7,pvv,R,12.976345611341827,10.79,2.186345611341828
Netherlands 2021,Netherlands,7,cda,R,11.297659501408072,9.5,1.7976595014080718
Netherlands 2021,Netherlands,7,d66,L,9.489327454643796,15.02,-5.530672545356204
Netherlands 2021,Netherlands,7,gl,L,7.19533691725764,5.16,2.0353369172576397
Netherlands 2021,Netherlands,7,sp,L,6.76757163361785,5.98,0.7875716336178495
Netherlands 2021,Netherlands,7,pvda,L,8.091126190781978,5.73,2.3611261907819774
Netherlands 2021,Netherlands,7,cu,X,4.151660670895554,3.37,0.7816606708955538
Netherlands 2021,Netherlands,7,pvdd,L,4.166698866399894,3.84,0.3266988663998944
Netherlands 2021,Netherlands,7,plus50,X,1.7177256547276745,1.02,0.6977256547276744
Netherlands 2021,Netherlands,7,sgp,R,2.1728446124598664,2.07,0.10284461245986654
Netherlands 2021,Netherlands,7,denk,L,1.5366047554455007,2.03,-0.4933952445544991
Netherlands 2021,Netherlands,7,fvd,R,2.803328981467221,5.02,-2.2166710185327787
Netherlands 2021,Netherlands,7,ja21,R,1.4958739908352556,2.37,-0.8741260091647445
Netherlands 2021,Netherlands,7,volt,L,1.3379562482356921,2.42,-1.0820437517643078
Netherlands 2021,Netherlands,7,bij1,L,0.9428861960361756,0.84,0.10288619603617566
Netherlands 2021,Netherlands,14,vvd,R,23.49894889799723,21.87,1.6289488979972297
Netherlands 2021,Netherlands,14,pvv,R,13.116504062313865,10.79,2.326504062313866
Netherlands 2021,Netherlands,14,cda,R,11.291008405630599,9.5,1.791008405630599
Netherlands 2021,Netherlands,14,d66,L,9.29417561503849,15.02,-5.725824384961509
Netherlands 2021,Netherlands,14,gl,L,7.616936082025086,5.16,2.456936082025086
Netherlands 2021,Netherlands,14,sp,L,6.295988849664427,5.98,0.31598884966442675
Netherlands 2021,Netherlands,14,pvda,L,8.190660906787302,5.73,2.460660906787302
Netherlands 2021,Netherlands,14,cu,X,3.99267744820727,3.37,0.6226774482072699
Netherlands 2021,Netherlands,14,pvdd,L,4.2737950085305405,3.84,0.43379500853054065
Netherlands 2021,Netherlands,14,plus50,X,1.6383378284264816,1.02,0.6183378284264816
Netherlands 2021,Netherlands,14,sgp,R,2.290051944193724,2.07,0.2200519441937243
Netherlands 2021,Netherlands,14,denk,L,1.854941097193771,2.03,-0.17505890280622882
Netherlands 2021,Netherlands,14,fvd,R,2.8873110081126665,5.02,-2.132688991887333
Netherlands 2021,Netherlands,14,ja21,R,1.4379848824961394,2.37,-0.9320151175038607
Netherlands 2021,Netherlands,14,volt,L,1.1484029635345059,2.42,-1.271597036465494
Netherlands 2021,Netherlands,14,bij1,L,0.9457231529188062,0.84,0.10572315291880618
Netherlands 2021,Netherlands,21,vvd,R,24.205808962604735,21.87,2.335808962604734
Netherlands 2021,Netherlands,21,pvv,R,13.346523164274831,10.79,2.5565231642748323
Netherlands 2021,Netherlands,21,cda,R,11.838921300795366,9.5,2.3389213007953664
Netherlands 2021,Netherlands,21,d66,L,9.22318448473826,15.02,-5.7968155152617395
Netherlands 2021,Netherlands,21,gl,L,7.060313070740982,5.16,1.9003130707409817
Netherlands 2021,Netherlands,21,sp,L,6.475481895040291,5.98,0.4954818950402906
Netherlands 2021,Netherlands,21,pvda,L,8.326746267260042,5.73,2.596746267260041
Netherlands 2021,Netherlands,21,cu,X,4.15861123220903,3.37,0.7886112322090302
Netherlands 2021,Netherlands,21,pvdd,L,4.174839378864172,3.84,0.3348393788641717
Netherlands 2021,Netherlands,21,plus50,X,1.265091931506995,1.02,0.24509193150699504
Netherlands 2021,Netherlands,21,sgp,R,1.9609840156873317,2.07,-0.10901598431266812
Netherlands 2021,Netherlands,21,denk,L,1.7739171178908053,2.03,-0.2560828821091945
Netherlands 2021,Netherlands,21,fvd,R,2.54481305256064,5.02,-2.4751869474393597
Netherlands 2021,Netherlands,21,ja21,R,1.6758905418656824,2.37,-0.6941094581343177
Netherlands 2021,Netherlands,21,volt,L,0.9445533640945487,2.42,-1.4754466359054512
Netherlands 2021,Netherlands,21,bij1,L,0.945369071257634,0.84,0.10536907125763406
Netherlands 2021,Netherlands,28,vvd,R,24.25380744553079,21.87,2.3838074455307883
Netherlands 2021,Netherlands,28,pvv,R,13.541898649190639,10.79,2.7518986491906396
Netherlands 2021,Netherlands,28,cda,R,11.846026072054725,9.5,2.346026072054725
Netherlands 2021,Netherlands,28,d66,L,9.190872988909568,15.02,-5.829127011090431
Netherlands 2021,Netherlands,28,gl,L,7.127170587157556,5.16,1.9671705871575558
Netherlands 2021,Netherlands,28,sp,L,6.562227680348766,5.98,0.5822276803487654
Netherlands 2021,Netherlands,28,pvda,L,8.252153019835976,5.73,2.522153019835976
Netherlands 2021,Netherlands,28,cu,X,4.119223633805988,3.37,0.7492236338059879
Netherlands 2021,Netherlands,28,pvdd,L,4.2271033629008485,3.84,0.3871033629008487
Netherlands 2021,Netherlands,28,plus50,X,1.0996626560247704,1.02,0.0796626560247704
Netherlands 2021,Netherlands,28,sgp,R,1.9856171644540774,2.07,-0.08438283554592241
Netherlands 2021,Netherlands,28,denk,L,1.9497984933054648,2.03,-0.08020150669453496
Netherlands 2021,Netherlands,28,fvd,R,2.519013684178538,5.02,-2.5009863158214616
Netherlands 2021,Netherlands,28,ja21,R,1.6806315572332542,2.37,-0.6893684427667459
Netherlands 2021,Netherlands,28,volt,L,0.945699094303595,2.42,-1.474300905696405
Netherlands 2021,Netherlands,28,bij1,L,0.9412487489641097,0.84,0.10124874896410974
Netherlands 2023,Netherlands,0,vvd,R,17.448327625727558,15.24,2.2083276257275575
Netherlands 2023,Netherlands,0,d66,L,5.918478694121714,6.29,-0.3715213058782858
Netherlands 2023,Netherlands,0,pvv,R,16.445439290903458,23.49,-7.04456070909654
Netherlands 2023,Netherlands,0,cda,R,3.2018355048543117,3.31,-0.10816449514568838
Netherlands 2023,Netherlands,0,sp,L,3.6276134702784715,3.15,0.47761347027847156
Netherlands 2023,Netherlands,0,glpvda,L,16.29027930157858,15.75,0.540279301578579
Netherlands 2023,Netherlands,0,fvd,R,2.7634582987830383,2.23,0.5334582987830383
Netherlands 2023,Netherlands,0,pvdd,L,3.3808141599316315,2.25,1.1308141599316315
Netherlands 2023,Netherlands,0,cu,X,2.5359891518373967,2.04,0.49598915183739667
Netherlands 2023,Netherlands,0,volt,L,2.570531156328057,1.71,0.8605311563280571
Netherlands 2023,Netherlands,0,ja21,R,1.0277797620906204,0.68,0.34777976209062034
Netherlands 2023,Netherlands,0,sgp,R,2.0200943154345357,2.08,-0.05990568456546441
Netherlands 2023,Netherlands,0,denk,L,2.622469798388983,2.37,0.252469798388983
Netherlands 2023,Netherlands,0,plus50,X,0.3627025769450942,0.49,-0.12729742305490577
Netherlands 2023,Netherlands,0,bbb,R,4.30625690739862,4.65,-0.3437430926013807
Netherlands 2023,Netherlands,0,bij1,L,0.7259658909780112,0.42,0.30596589097801125
Netherlands 2023,Netherlands,0,nsc,R,13.661814710034184,12.88,0.7818147100341832
Netherlands 2023,Netherlands,7,vvd,R,17.335605021936196,15.24,2.095605021936196
Netherlands 2023,Netherlands,7,d66,L,5.188505927622014,6.29,-1.101494072377986
Netherlands 2023,Netherlands,7,pvv,R,12.085299265706174,23.49,-11.404700734293824
Netherlands 2023,Netherlands,7,cda,R,3.0251872180503767,3.31,-0.28481278194962334
Netherlands 2023,Netherlands,7,sp,L,3.613369729190557,3.15,0.46336972919055697
Netherlands 2023,Netherlands,7,glpvda,L,15.10210878328861,15.75,-0.6478912167113897
Netherlands 2023,Netherlands,7,fvd,R,3.1257437482477837,2.23,0.8957437482477837
Netherlands 2023,Netherlands,7,pvdd,L,3.8695985399668498,2.25,1.6195985399668498
Netherlands 2023,Netherlands,7,cu,X,2.656222800035521,2.04,0.616222800035521
Netherlands 2023,Netherlands,7,volt,L,2.8055406173010837,1.71,1.0955406173010838
Netherlands 2023,Netherlands,7,ja21,R,1.1850282622496993,0.68,0.5050282622496992
Netherlands 2023,Netherlands,7,sgp,R,2.130365398854035,2.08,0.050365398854034904
Netherlands 2023,Netherlands,7,denk,L,2.71304419573681,2.37,0.3430441957368098
Netherlands 2023,Netherlands,7,plus50,X,0.4816246117745141,0.49,-0.008375388225485891
Netherlands 2023,Netherlands,7,bbb,R,5.789309327437376,4.65,1.1393093274373758
Netherlands 2023,Netherlands,7,bij1,L,0.6913504543468548,0.42,0.27135045434685484
Netherlands 2023,Netherlands,7,nsc,R,17.118456105637915,12.88,4.238456105637914
Netherlands 2023,Netherlands,14,vvd,R,17.013395022885685,15.24,1.7733950228856852
Netherlands 2023,Netherlands,14,d66,L,5.387143125654577,6.29,-0.9028568743454226
Netherlands 2023,Netherlands,14,pvv,R,11.755610645354556,23.49,-11.734389354645442
Netherlands 2023,Netherlands,14,cda,R,2.9208658263056595,3.31,-0.38913417369434056
Netherlands 2023,Netherlands,14,sp,L,3.5592111744004837,3.15,0.4092111744004838
Netherlands 2023,Netherlands,14,glpvda,L,14.680113410732488,15.75,-1.0698865892675116
Netherlands 2023,Netherlands,14,fvd,R,3.2851677332887395,2.23,1.0551677332887395
Netherlands 2023,Netherlands,14,pvdd,L,3.759534463721611,2.25,1.5095344637216108
Netherlands 2023,Netherlands,14,cu,X,2.4426683189013563,2.04,0.40266831890135624
Netherlands 2023,Netherlands,14,volt,L,2.974854560084237,1.71,1.264854560084237
Netherlands 2023,Netherlands,14,ja21,R,1.3395648007743715,0.68,0.6595648007743714
Netherlands 2023,Netherlands,14,sgp,R,1.925228403203875,2.08,-0.15477159679612518
Netherlands 2023,Netherlands,14,denk,L,2.6771199883268695,2.37,0.3071199883268694
Netherlands 2023,Netherlands,14,plus50,X,0.3287954149211282,0.49,-0.1612045850788718
Netherlands 2023,Netherlands,14,bbb,R,6.276290255472375,4.65,1.6262902554723748
Netherlands 2023,Netherlands,14,bij1,L,0.6429502034651138,0.42,0.2229502034651138
Netherlands 2023,Netherlands,14,nsc,R,18.25391124674777,12.88,5.3739112467477685
Netherlands 2023,Netherlands,21,vvd,R,17.049662056268808,15.24,1.8096620562688077
Netherlands 2023,Netherlands,21,d66,L,4.616508757072851,6.29,-1.673491242927149
Netherlands 2023,Netherlands,21,pvv,R,11.653282018231062,23.49,-11.836717981768937
Netherlands 2023,Netherlands,21,cda,R,3.039300906252331,3.31,-0.2706990937476692
Netherlands 2023,Netherlands,21,sp,L,3.2592911506985454,3.15,0.10929115069854545
Netherlands 2023,Netherlands,21,glpvda,L,15.28475992530759,15.75,-0.46524007469241013
Netherlands 2023,Netherlands,21,fvd,R,3.0814143146975113,2.23,0.8514143146975113
Netherlands 2023,Netherlands,21,pvdd,L,4.0358604185523825,2.25,1.7858604185523825
Netherlands 2023,Netherlands,21,cu,X,2.5720272415362806,2.04,0.5320272415362806
Netherlands 2023,Netherlands,21,volt,L,2.7267814315803465,1.71,1.0167814315803465
Netherlands 2023,Netherlands,21,ja21,R,1.4612906403583348,0.68,0.7812906403583347
Netherlands 2023,Netherlands,21,sgp,R,2.0100237602774507,2.08,-0.0699762397225494
Netherlands 2023,Netherlands,21,denk,L,2.393762075845806,2.37,0.023762075845805697
Netherlands 2023,Netherlands,21,plus50,X,0.3438767326482526,0.49,-0.1461232673517474
Netherlands 2023,Netherlands,21,bbb,R,7.129541896457135,4.65,2.4795418964571345
Netherlands 2023,Netherlands,21,bij1,L,0.5600736270239646,0.42,0.1400736270239646
Netherlands 2023,Netherlands,21,nsc,R,17.57986316164718,12.88,4.699863161647178
Netherlands 2023,Netherlands,28,vvd,R,16.95127413689995,15.24,1.7112741368999504
Netherlands 2023,Netherlands,28,d66,L,4.691452685826473,6.29,-1.5985473141735271
Netherlands 2023,Netherlands,28,pvv,R,12.356641317256406,23.49,-11.133358682743593
Netherlands 2023,Netherlands,28,cda,R,3.113386246118091,3.31,-0.19661375388190905
Netherlands 2023,Netherlands,28,sp,L,3.3192345214506895,3.15,0.16923452145068962
Netherlands 2023,Netherlands,28,glpvda,L,14.510675228141993,15.75,-1.2393247718580067
Netherlands 2023,Netherlands,28,fvd,R,2.963325031842062,2.23,0.7333250318420621
Netherlands 2023,Netherlands,28,pvdd,L,4.246630322840773,2.25,1.9966303228407734
Netherlands 2023,Netherlands,28,cu,X,2.5782243943323357,2.04,0.5382243943323357
Netherlands 2023,Netherlands,28,volt,L,2.990194467231382,1.71,1.2801944672313819
Netherlands 2023,Netherlands,28,ja21,R,1.6541507016475006,0.68,0.9741507016475005
Netherlands 2023,Netherlands,28,sgp,R,1.8963909559062193,2.08,-0.18360904409378076
Netherlands 2023,Netherlands,28,denk,L,2.309945891292117,2.37,-0.06005410870788319
Netherlands 2023,Netherlands,28,plus50,X,0.325247779688971,0.49,-0.16475222031102899
Netherlands 2023,Netherlands,28,bbb,R,7.571336694110283,4.65,2.9213366941102823
Netherlands 2023,Netherlands,28,bij1,L,0.5000970963883808,0.42,0.08009709638838086
Netherlands 2023,Netherlands,28,nsc,R,17.316436758341908,12.88,4.436436758341907
Netherlands 2025,Netherlands,0,pvv,R,16.926485973955927,16.66,0.2664859739559269
Netherlands 2025,Netherlands,0,glpvda,L,15.13763526104761,12.79,2.3476352610476106
Netherlands 2025,Netherlands,0,vvd,R,11.510296943531015,14.24,-2.729703056468985
Netherlands 2025,Netherlands,0,nsc,R,0.4429505472714772,0.37,0.0729505472714772
Netherlands 2025,Netherlands,0,d66,L,13.770259810728657,16.94,-3.1697401892713444
Netherlands 2025,Netherlands,0,bbb,R,2.676682751216556,2.65,0.026682751216556166
Netherlands 2025,Netherlands,0,cda,R,13.018382762633516,11.79,1.228382762633517
Netherlands 2025,Netherlands,0,sp,L,2.970972792833144,1.89,1.0809727928331443
Netherlands 2025,Netherlands,0,denk,L,2.393885571161186,2.37,0.023885571161185837
Netherlands 2025,Netherlands,0,pvdd,L,2.254511223596089,2.08,0.17451122359608906
Netherlands 2025,Netherlands,0,fvd,R,4.019422707033863,4.54,-0.520577292966137
Netherlands 2025,Netherlands,0,sgp,R,2.1840034806493955,2.25,-0.06599651935060447
Netherlands 2025,Netherlands,0,cu,X,1.9609684508042635,1.9,0.06096845080426361
Netherlands 2025,Netherlands,0,volt,L,1.7129582344230232,1.1,0.6129582344230231
Netherlands 2025,Netherlands,0,ja21,R,6.452071648567815,5.95,0.5020716485678145
Netherlands 2025,Netherlands,0,plus50,X,1.562732753344021,1.43,0.13273275334402101
Netherlands 2025,Netherlands,7,pvv,R,19.207991515566686,16.66,2.547991515566686
Netherlands 2025,Netherlands,7,glpvda,L,15.145003202080208,12.79,2.3550032020802085
Netherlands 2025,Netherlands,7,vvd,R,9.649354971993581,14.24,-4.590645028006419
Netherlands 2025,Netherlands,7,nsc,R,0.3367141696833221,0.37,-0.03328583031667792
Netherlands 2025,Netherlands,7,d66,L,10.807927667449842,16.94,-6.132072332550159
Netherlands 2025,Netherlands,7,bbb,R,2.5122737595287417,2.65,-0.13772624047125825
Netherlands 2025,Netherlands,7,cda,R,15.295342444271917,11.79,3.5053424442719177
Netherlands 2025,Netherlands,7,sp,L,2.7823179352460907,1.89,0.8923179352460908
Netherlands 2025,Netherlands,7,denk,L,2.347855207722123,2.37,-0.022144792277877023
Netherlands 2025,Netherlands,7,pvdd,L,2.407287746699241,2.08,0.32728774669924077
Netherlands 2025,Netherlands,7,fvd,R,3.281938942677945,4.54,-1.2580610573220552
Netherlands 2025,Netherlands,7,sgp,R,2.1889867682247854,2.25,-0.06101323177521456
Netherlands 2025,Netherlands,7,cu,X,2.038843235796746,1.9,0.13884323579674618
Netherlands 2025,Netherlands,7,volt,L,2.057652891514821,1.1,0.957652891514821
Netherlands 2025,Netherlands,7,ja21,R,7.728616184959405,5.95,1.7786161849594047
Netherlands 2025,Netherlands,7,plus50,X,1.2060526379705272,1.43,-0.22394736202947274
Netherlands 2025,Netherlands,14,pvv,R,19.234126175070436,16.66,2.574126175070436
Netherlands 2025,Netherlands,14,glpvda,L,15.47173699688092,12.79,2.6817369968809217
Netherlands 2025,Netherlands,14,vvd,R,9.172679737021848,14.24,-5.067320262978152
Netherlands 2025,Netherlands,14,nsc,R,0.3123398170171138,0.37,-0.05766018298288622
Netherlands 2025,Netherlands,14,d66,L,9.780708389326811,16.94,-7.15929161067319
Netherlands 2025,Netherlands,14,bbb,R,2.8250498105289656,2.65,0.17504981052896573
Netherlands 2025,Netherlands,14,cda,R,15.014351145722978,11.79,3.224351145722979
Netherlands 2025,Netherlands,14,sp,L,3.0351056297363677,1.89,1.1451056297363678
Netherlands 2025,Netherlands,14,denk,L,2.179901233395134,2.37,-0.19009876660486613
Netherlands 2025,Netherlands,14,pvdd,L,2.412548183559969,2.08,0.33254818355996907
Netherlands 2025,Netherlands,14,fvd,R,3.2127523509936102,4.54,-1.3272476490063898
Netherlands 2025,Netherlands,14,sgp,R,2.2420449428292315,2.25,-0.007955057170768498
Netherlands 2025,Netherlands,14,cu,X,2.1859779711000806,1.9,0.2859779711000807
Netherlands 2025,Netherlands,14,volt,L,2.3700226405217366,1.1,1.2700226405217365
Netherlands 2025,Netherlands,14,ja21,R,8.185606689881098,5.95,2.235606689881098
Netherlands 2025,Netherlands,14,plus50,X,1.3748282042066509,1.43,-0.05517179579334908
Netherlands 2025,Netherlands,21,pvv,R,20.000643646695494,16.66,3.3406436466954936
Netherlands 2025,Netherlands,21,glpvda,L,15.61350158039216,12.79,2.8235015803921613
Netherlands 2025,Netherlands,21,vvd,R,8.842845290539136,14.24,-5.397154709460864
Netherlands 2025,Netherlands,21,nsc,R,0.3442822864534639,0.37,-0.02571771354653607
Netherlands 2025,Netherlands,21,d66,L,8.119599680919247,16.94,-8.820400319080754
Netherlands 2025,Netherlands,21,bbb,R,2.595401976971374,2.65,-0.05459802302862604
Netherlands 2025,Netherlands,21,cda,R,14.99846181708202,11.79,3.2084618170820214
Netherlands 2025,Netherlands,21,sp,L,3.755182567654354,1.89,1.8651825676543543
Netherlands 2025,Netherlands,21,denk,L,2.612498981456126,2.37,0.24249898145612603
Netherlands 2025,Netherlands,21,pvdd,L,2.721274691300725,2.08,0.6412746913007248
Netherlands 2025,Netherlands,21,fvd,R,3.0858245624322413,4.54,-1.4541754375677587
Netherlands 2025,Netherlands,21,sgp,R,2.45376098828147,2.25,0.20376098828146993
Netherlands 2025,Netherlands,21,cu,X,2.142906717336478,1.9,0.24290671733647828
Netherlands 2025,Netherlands,21,volt,L,2.54492661826081,1.1,1.4449266182608098
Netherlands 2025,Netherlands,21,ja21,R,8.018818879855175,5.95,2.0688188798551748
Netherlands 2025,Netherlands,21,plus50,X,1.1064558056516374,1.43,-0.32354419434836257
Netherlands 2025,Netherlands,28,pvv,R,19.951321502855706,16.66,3.2913215028557055
Netherlands 2025,Netherlands,28,glpvda,L,15.620342679690243,12.79,2.8303426796902436
Netherlands 2025,Netherlands,28,vvd,R,9.372099977794635,14.24,-4.867900022205365
Netherlands 2025,Netherlands,28,nsc,R,0.32405909136008637,0.37,-0.045940908639913625
Netherlands 2025,Netherlands,28,d66,L,8.095971146084272,16.94,-8.844028853915729
Netherlands 2025,Netherlands,28,bbb,R,2.8545830587213112,2.65,0.20458305872131133
Netherlands 2025,Netherlands,28,cda,R,15.082658345349605,11.79,3.292658345349606
Netherlands 2025,Netherlands,28,sp,L,3.9220332563628815,1.89,2.0320332563628813
Netherlands 2025,Netherlands,28,denk,L,2.6075249399986826,2.37,0.23752493999868252
Netherlands 2025,Netherlands,28,pvdd,L,2.5717689349159953,2.08,0.49176893491599527
Netherlands 2025,Netherlands,28,fvd,R,3.0415530202799577,4.54,-1.4984469797200424
Netherlands 2025,Netherlands,28,sgp,R,2.3687199076651186,2.25,0.11871990766511864
Netherlands 2025,Netherlands,28,cu,X,2.16754533059564,1.9,0.2675453305956399
Netherlands 2025,Netherlands,28,volt,L,2.5659424676702924,1.1,1.4659424676702923
Netherlands 2025,Netherlands,28,ja21,R,7.531007276831072,5.95,1.5810072768310715
Netherlands 2025,Netherlands,28,plus50,X,0.9197547567607964,1.43,-0.5102452432392035
Sweden 2014,Sweden,0,s,L,31.232894072535487,31.01,0.22289407253548532
Sweden 2014,Sweden,0,m,R,24.981500125354486,23.33,1.651500125354488
Sweden 2014,Sweden,0,sd,X,8.845167278322966,12.86,-4.014832721677033
Sweden 2014,Sweden,0,mp,L,8.985836000972848,6.89,2.095836000972848
Sweden 2014,Sweden,0,c,R,5.5987085049593714,6.11,-0.5112914950406289
Sweden 2014,Sweden,0,v,L,6.266029446213755,5.72,0.5460294462137556
Sweden 2014,Sweden,0,l,R,6.401592748148905,5.42,0.9815927481489055
Sweden 2014,Sweden,0,kd,R,4.683533998660153,4.57,0.11353399866015312
Sweden 2014,Sweden,0,fi,L,3.2759327407476198,3.12,0.15593274074761965
Sweden 2014,Sweden,7,s,L,31.46053737592745,31.01,0.4505373759274498
Sweden 2014,Sweden,7,m,R,24.697938900824575,23.33,1.3679389008245764
Sweden 2014,Sweden,7,sd,X,9.262299697861893,12.86,-3.597700302138106
Sweden 2014,Sweden,7,mp,L,8.957686342945635,6.89,2.0676863429456356
Sweden 2014,Sweden,7,c,R,4.86396497749983,6.11,-1.2460350225001706
Sweden 2014,Sweden,7,v,L,6.879287035370391,5.72,1.159287035370391
Sweden 2014,Sweden,7,l,R,6.375511935552973,5.42,0.9555119355529733
Sweden 2014,Sweden,7,kd,R,4.662014792905672,4.57,0.0920147929056716
Sweden 2014,Sweden,7,fi,L,2.8342946769805506,3.12,-0.2857053230194495
Sweden 2014,Sweden,14,s,L,32.218616597572534,31.01,1.208616597572533
Sweden 2014,Sweden,14,m,R,26.604764980898004,23.33,3.2747649808980057
Sweden 2014,Sweden,14,sd,X,8.734317253521867,12.86,-4.125682746478132
Sweden 2014,Sweden,14,mp,L,9.064866938993196,6.89,2.1748669389931967
Sweden 2014,Sweden,14,c,R,4.8528094103305675,6.11,-1.2571905896694329
Sweden 2014,Sweden,14,v,L,6.060091766150107,5.72,0.34009176615010706
Sweden 2014,Sweden,14,l,R,6.287529562230825,5.42,0.8675295622308248
Sweden 2014,Sweden,14,kd,R,3.9283883904697054,4.57,-0.6416116095302948
Sweden 2014,Sweden,14,fi,L,2.829738295792761,3.12,-0.2902617042072393
Sweden 2014,Sweden,21,s,L,32.22016959281048,31.01,1.2101695928104768
Sweden 2014,Sweden,21,m,R,27.62148217619179,23.33,4.291482176191792
Sweden 2014,Sweden,21,sd,X,8.383779740661298,12.86,-4.476220259338701
Sweden 2014,Sweden,21,mp,L,9.32901094635207,6.89,2.439010946352071
Sweden 2014,Sweden,21,c,R,4.56462769035081,6.11,-1.5453723096491903
Sweden 2014,Sweden,21,v,L,5.655941629989546,5.72,-0.06405837001045356
Sweden 2014,Sweden,21,l,R,6.326985082345416,5.42,0.9069850823454164
Sweden 2014,Sweden,21,kd,R,3.6190693307778417,4.57,-0.9509306692221586
Sweden 2014,Sweden,21,fi,L,2.909521990748286,3.12,-0.21047800925171423
Sweden 2014,Sweden,28,s,L,31.202108530794206,31.01,0.1921085307942043
Sweden 2014,Sweden,28,m,R,26.233271723942295,23.33,2.9032717239422965
Sweden 2014,Sweden,28,sd,X,8.669078216333363,12.86,-4.190921783666637
Sweden 2014,Sweden,28,mp,L,9.792605534217008,6.89,2.9026055342170087
Sweden 2014,Sweden,28,c,R,4.576111807225917,6.11,-1.533888192774083
Sweden 2014,Sweden,28,v,L,6.572765157102043,5.72,0.8527651571020431
Sweden 2014,Sweden,28,l,R,6.1959832119473095,5.42,0.7759832119473096
Sweden 2014,Sweden,28,kd,R,3.893416650591316,4.57,-0.6765833494086841
Sweden 2014,Sweden,28,fi,L,2.771119400113818,3.12,-0.3488805998861819
Sweden 2018,Sweden,0,s,L,24.835320145217473,28.26,-3.4246798547825286
Sweden 2018,Sweden,0,m,R,17.458246933458273,19.84,-2.3817530665417266
Sweden 2018,Sweden,0,sd,X,19.03335496836407,17.53,1.503354968364068
Sweden 2018,Sweden,0,mp,L,4.959704438667343,4.41,0.5497044386673426
Sweden 2018,Sweden,0,c,R,8.198874372785522,8.61,-0.4111256272144779
Sweden 2018,Sweden,0,v,L,10.114963457535755,8.0,2.1149634575357545
Sweden 2018,Sweden,0,l,R,6.0692187570389615,5.49,0.5792187570389613
Sweden 2018,Sweden,0,kd,R,5.894126846648551,6.32,-0.42587315335144904
Sweden 2018,Sweden,0,fi,L,1.7883292907837323,0.46,1.3283292907837323
Sweden 2018,Sweden,7,s,L,24.520729986526526,28.26,-3.739270013473476
Sweden 2018,Sweden,7,m,R,17.68861079004695,19.84,-2.1513892099530487
Sweden 2018,Sweden,7,sd,X,20.36700856399827,17.53,2.8370085639982676
Sweden 2018,Sweden,7,mp,L,5.202909574924591,4.41,0.7929095749245905
Sweden 2018,Sweden,7,c,R,7.920153246380883,8.61,-0.6898467536191166
Sweden 2018,Sweden,7,v,L,9.819561016733909,8.0,1.8195610167339087
Sweden 2018,Sweden,7,l,R,5.880215118589977,5.49,0.3902151185899765
Sweden 2018,Sweden,7,kd,R,5.233724827585785,6.32,-1.086275172414215
Sweden 2018,Sweden,7,fi,L,1.547572213935859,0.46,1.087572213935859
Sweden 2018,Sweden,14,s,L,24.53720645838999,28.26,-3.722793541610013
Sweden 2018,Sweden,14,m,R,18.03961071795866,19.84,-1.8003892820413405
Sweden 2018,Sweden,14,sd,X,20.151181233185103,17.53,2.6211812331851014
Sweden 2018,Sweden,14,mp,L,5.923093794855325,4.41,1.5130937948553251
Sweden 2018,Sweden,14,c,R,8.816613727745551,8.61,0.20661372774555176
Sweden 2018,Sweden,14,v,L,9.161349146737438,8.0,1.1613491467374377
Sweden 2018,Sweden,14,l,R,5.416643299382385,5.49,-0.07335670061761501
Sweden 2018,Sweden,14,kd,R,4.448802425317102,6.32,-1.8711975746828982
Sweden 2018,Sweden,14,fi,L,1.9090118962064067,0.46,1.4490118962064067
Sweden 2018,Sweden,21,s,L,24.41599683105703,28.26,-3.8440031689429723
Sweden 2018,Sweden,21,m,R,19.304475239412845,19.84,-0.5355247605871547
Sweden 2018,Sweden,21,sd,X,19.942263821000726,17.53,2.4122638210007246
Sweden 2018,Sweden,21,mp,L,5.702593292097882,4.41,1.292593292097882
Sweden 2018,Sweden,21,c,R,9.35393457900761,8.61,0.7439345790076111
Sweden 2018,Sweden,21,v,L,9.149585598996957,8.0,1.149585598996957
Sweden 2018,Sweden,21,l,R,4.982667342853333,5.49,-0.5073326571466676
Sweden 2018,Sweden,21,kd,R,3.8263414720742506,6.32,-2.4936585279257497
Sweden 2018,Sweden,21,fi,L,1.0786766965907715,0.46,0.6186766965907715
Sweden 2018,Sweden,28,s,L,24.415957747075314,28.26,-3.8440422529246874
Sweden 2018,Sweden,28,m,R,18.793465108525965,19.84,-1.0465348914740353
Sweden 2018,Sweden,28,sd,X,20.464168127075567,17.53,2.9341681270755657
Sweden 2018,Sweden,28,mp,L,4.966370602166359,4.41,0.5563706021663588
Sweden 2018,Sweden,28,c,R,9.62019249967257,8.61,1.01019249967257
Sweden 2018,Sweden,28,v,L,9.510648911144418,8.0,1.5106489111444183
Sweden 2018,Sweden,28,l,R,5.571189161592329,5.49,0.08118916159232903
Sweden 2018,Sweden,28,kd,R,3.2106698236420472,6.32,-3.109330176357953
Sweden 2018,Sweden,28,fi,L,1.2467229576716656,0.46,0.7867229576716657
Sweden 2022,Sweden,0,s,L,28.132125685334437,30.33,-2.1978743146655617
Sweden 2022,Sweden,0,m,R,17.64507211164248,19.1,-1.4549278883575205
Sweden 2022,Sweden,0,sd,R,20.834320295376877,20.54,0.29432029537687754
Sweden 2022,Sweden,0,c,L,7.5874526722399,6.71,0.8774526722399001
Sweden 2022,Sweden,0,v,L,8.04679212453047,6.75,1.2967921245304694
Sweden 2022,Sweden,0,kd,R,6.139934895384612,5.34,0.7999348953846122
Sweden 2022,Sweden,0,l,R,4.95232880223439,4.61,0.34232880223438933
Sweden 2022,Sweden,0,mp,L,5.527573853756289,5.08,0.447573853756289
Sweden 2022,Sweden,7,s,L,28.355892537833768,30.33,-1.9741074621662307
Sweden 2022,Sweden,7,m,R,17.557900615217523,19.1,-1.5420993847824782
Sweden 2022,Sweden,7,sd,R,21.055068351929528,20.54,0.5150683519295285
Sweden 2022,Sweden,7,c,L,7.181708494215908,6.71,0.47170849421590777
Sweden 2022,Sweden,7,v,L,8.360498998818656,6.75,1.610498998818656
Sweden 2022,Sweden,7,kd,R,6.055091278328401,5.34,0.7150912783284014
Sweden 2022,Sweden,7,l,R,5.051556502515668,4.61,0.4415565025156676
Sweden 2022,Sweden,7,mp,L,5.155247112246757,5.08,0.07524711224675684
Sweden 2022,Sweden,14,s,L,29.172909787686688,30.33,-1.1570902123133102
Sweden 2022,Sweden,14,m,R,17.874759110298957,19.1,-1.2252408897010447
Sweden 2022,Sweden,14,sd,R,20.190315730229422,20.54,-0.3496842697705773
Sweden 2022,Sweden,14,c,L,6.891145087688262,6.71,0.18114508768826187
Sweden 2022,Sweden,14,v,L,8.370315027532602,6.75,1.6203150275326017
Sweden 2022,Sweden,14,kd,R,5.899843747478483,5.34,0.5598437474784834
Sweden 2022,Sweden,14,l,R,4.9690557356092615,4.61,0.3590557356092612
Sweden 2022,Sweden,14,mp,L,5.124876376017513,5.08,0.0448763760175126
Sweden 2022,Sweden,21,s,L,28.855960699722832,30.33,-1.4740393002771661
Sweden 2022,Sweden,21,m,R,18.669366030762813,19.1,-0.43063396923718855
Sweden 2022,Sweden,21,sd,R,19.443548205887886,20.54,-1.096451794112113
Sweden 2022,Sweden,21,c,L,6.165139166746648,6.71,-0.5448608332533516
Sweden 2022,Sweden,21,v,L,9.00989066070648,6.75,2.25989066070648
Sweden 2022,Sweden,21,kd,R,6.093659928663262,5.34,0.7536599286632617
Sweden 2022,Sweden,21,l,R,5.191026426233993,4.61,0.5810264262339926
Sweden 2022,Sweden,21,mp,L,4.834018675052923,5.08,-0.2459813249470768
Sweden 2022,Sweden,28,s,L,28.53895566386985,30.33,-1.791044336130149
Sweden 2022,Sweden,28,m,R,19.995357033521863,19.1,0.8953570335218615
Sweden 2022,Sweden,28,sd,R,18.121753994747664,20.54,-2.4182460052523354
Sweden 2022,Sweden,28,c,L,6.024965560952901,6.71,-0.685034439047099
Sweden 2022,Sweden,28,v,L,8.675169716708272,6.75,1.9251697167082717
Sweden 2022,Sweden,28,kd,R,6.1096522437119685,5.34,0.7696522437119686
Sweden 2022,Sweden,28,l,R,5.725802049594185,4.61,1.1158020495941843
Sweden 2022,Sweden,28,mp,L,4.81434877726697,5.08,-0.2656512227330303
Denmark 2015,Denmark,0,v,R,20.102474296050662,19.47,0.6324742960506633
Denmark 2015,Denmark,0,a,L,25.514715395710112,26.28,-0.7652846042898886
Denmark 2015,Denmark,0,o,R,18.1880898697445,21.08,-2.8919101302555
Denmark 2015,Denmark,0,b,L,4.977372571062457,4.58,0.3973725710624567
Denmark 2015,Denmark,0,f,L,5.5642392840967885,4.19,1.374239284096788
Denmark 2015,Denmark,0,oe,L,8.73685191413099,7.8,0.9368519141309894
Denmark 2015,Denmark,0,i,R,7.807534737601804,7.53,0.2775347376018038
Denmark 2015,Denmark,0,c,R,3.5285123678654786,3.35,0.17851236786547853
Denmark 2015,Denmark,0,k,R,0.8873479566392511,0.83,0.057347956639251185
Denmark 2015,Denmark,0,aa,L,4.590022089271298,4.8,-0.20997791072870164
Denmark 2015,Denmark,7,v,R,20.020554444442737,19.47,0.5505544444427386
Denmark 2015,Denmark,7,a,L,25.89716351016383,26.28,-0.3828364898361727
Denmark 2015,Denmark,7,o,R,18.28136685236948,21.08,-2.798633147630518
Denmark 2015,Denmark,7,b,L,5.227866649888837,4.58,0.6478666498888366
Denmark 2015,Denmark,7,f,L,5.743344241113524,4.19,1.5533442411135239
Denmark 2015,Denmark,7,oe,L,8.94141552155206,7.8,1.1414155215520596
Denmark 2015,Denmark,7,i,R,7.52513846846437,7.53,-0.0048615315356306255
Denmark 2015,Denmark,7,c,R,3.495436135618963,3.35,0.14543613561896285
Denmark 2015,Denmark,7,k,R,0.7353506323013983,0.83,-0.09464936769860166
Denmark 2015,Denmark,7,aa,L,4.055394220485894,4.8,-0.7446057795141057
Denmark 2015,Denmark,14,v,R,20.631503958136634,19.47,1.1615039581366347
Denmark 2015,Denmark,14,a,L,25.710701288591288,26.28,-0.5692987114087131
Denmark 2015,Denmark,14,o,R,18.89688698442134,21.08,-2.183113015578659
Denmark 2015,Denmark,14,b,L,5.409449508359268,4.58,0.8294495083592679
Denmark 2015,Denmark,14,f,L,6.050718487373048,4.19,1.860718487373048
Denmark 2015,Denmark,14,oe,L,8.668258297033933,7.8,0.8682582970339334
Denmark 2015,Denmark,14,i,R,7.079144854154205,7.53,-0.45085514584579567
Denmark 2015,Denmark,14,c,R,3.6873729013262726,3.35,0.3373729013262725
Denmark 2015,Denmark,14,k,R,0.7010589752596655,0.83,-0.12894102474033442
Denmark 2015,Denmark,14,aa,L,3.040648805865879,4.8,-1.7593511941341209
Denmark 2015,Denmark,21,v,R,21.07767195386024,19.47,1.6076719538602404
Denmark 2015,Denmark,21,a,L,24.95697044850353,26.28,-1.3230295514964716
Denmark 2015,Denmark,21,o,R,19.36770405396556,21.08,-1.7122959460344376
Denmark 2015,Denmark,21,b,L,5.7063316293296635,4.58,1.1263316293296635
Denmark 2015,Denmark,21,f,L,6.127426198361041,4.19,1.9374261983610408
Denmark 2015,Denmark,21,oe,L,8.666334002814871,7.8,0.8663340028148712
Denmark 2015,Denmark,21,i,R,7.202777198822655,7.53,-0.3272228011773448
Denmark 2015,Denmark,21,c,R,4.085298589395763,3.35,0.7352985893957631
Denmark 2015,Denmark,21,k,R,0.5916026364053422,0.83,-0.2383973635946578
Denmark 2015,Denmark,21,aa,L,2.1430101065277247,4.8,-2.656989893472275
Denmark 2015,Denmark,28,v,R,22.637407582369597,19.47,3.1674075823695986
Denmark 2015,Denmark,28,a,L,24.591919629475854,26.28,-1.6880803705241476
Denmark 2015,Denmark,28,o,R,19.03813737316679,21.08,-2.0418626268332076
Denmark 2015,Denmark,28,b,L,5.878477434635149,4.58,1.2984774346351493
Denmark 2015,Denmark,28,f,L,5.935310509030224,4.19,1.7453105090302232
Denmark 2015,Denmark,28,oe,L,8.017800516354924,7.8,0.2178005163549246
Denmark 2015,Denmark,28,i,R,7.068893011302317,7.53,-0.46110698869768285
Denmark 2015,Denmark,28,c,R,3.9720473171365818,3.35,0.6220473171365817
Denmark 2015,Denmark,28,k,R,0.7711256444102623,0.83,-0.05887435558973764
Denmark 2015,Denmark,28,aa,L,1.788519922801132,4.8,-3.011480077198868
Denmark 2019,Denmark,0,a,L,26.66253943347956,25.9,0.7625394334795601
Denmark 2019,Denmark,0,o,R,10.369037639065638,8.74,1.629037639065638
Denmark 2019,Denmark,0,v,R,19.536123697647096,23.39,-3.853876302352905
Denmark 2019,Denmark,0,oe,L,8.522806235499619,6.94,1.5828062354996186
Denmark 2019,Denmark,0,i,R,2.9896887711821165,2.33,0.6596887711821164
Denmark 2019,Denmark,0,aa,L,3.1500019214194657,2.95,0.2000019214194655
Denmark 2019,Denmark,0,b,L,7.743925892818479,8.63,-0.8860741071815221
Denmark 2019,Denmark,0,f,L,7.894892855702238,7.71,0.18489285570223846
Denmark 2019,Denmark,0,c,R,5.337255427513655,6.62,-1.2827445724863455
Denmark 2019,Denmark,0,k,R,1.7802691356959925,1.73,0.05026913569599256
Denmark 2019,Denmark,0,d,R,3.1741916327958433,2.36,0.8141916327958434
Denmark 2019,Denmark,0,e,X,0.4815370383151741,0.84,-0.3584629616848259
Denmark 2019,Denmark,0,p,R,2.0648503733181247,1.79,0.2748503733181247
Denmark 2019,Denmark,7,a,L,27.28255769750733,25.9,1.3825576975073304
Denmark 2019,Denmark,7,o,R,11.141016711129872,8.74,2.4010167111298717
Denmark 2019,Denmark,7,v,R,18.066706255895276,23.39,-5.323293744104724
Denmark 2019,Denmark,7,oe,L,8.602639053678049,6.94,1.6626390536780482
Denmark 2019,Denmark,7,i,R,3.5706452570420018,2.33,1.2406452570420017
Denmark 2019,Denmark,7,aa,L,3.3589604855775006,2.95,0.4089604855775004
Denmark 2019,Denmark,7,b,L,7.53297379498648,8.63,-1.0970262050135204
Denmark 2019,Denmark,7,f,L,8.022719417701952,7.71,0.31271941770195166
Denmark 2019,Denmark,7,c,R,4.97703966898695,6.62,-1.6429603310130503
Denmark 2019,Denmark,7,k,R,1.4309144087176437,1.73,-0.29908559128235623
Denmark 2019,Denmark,7,d,R,2.780424148556812,2.36,0.4204241485568123
Denmark 2019,Denmark,7,e,X,0.7883043619519918,0.84,-0.05169563804800814
Denmark 2019,Denmark,7,p,R,2.2817499558027716,1.79,0.4917499558027716
Denmark 2019,Denmark,14,a,L,27.30039616430828,25.9,1.4003961643082832
Denmark 2019,Denmark,14,o,R,10.985890038813011,8.74,2.2458900388130107
Denmark 2019,Denmark,14,v,R,18.146050525292267,23.39,-5.243949474707733
Denmark 2019,Denmark,14,oe,L,8.64632045243396,6.94,1.7063204524339595
Denmark 2019,Denmark,14,i,R,3.7949628646106413,2.33,1.4649628646106412
Denmark 2019,Denmark,14,aa,L,3.5283338174250005,2.95,0.5783338174250003
Denmark 2019,Denmark,14,b,L,7.741907514054081,8.63,-0.8880924859459194
Denmark 2019,Denmark,14,f,L,7.547623793485483,7.71,-0.16237620651451667
Denmark 2019,Denmark,14,c,R,4.303523754617526,6.62,-2.316476245382474
Denmark 2019,Denmark,14,k,R,1.4769448515983281,1.73,-0.25305514840167187
Denmark 2019,Denmark,14,d,R,2.7591227437713335,2.36,0.3991227437713336
Denmark 2019,Denmark,14,e,X,0.9507517831329042,0.84,0.11075178313290424
Denmark 2019,Denmark,14,p,R,2.498399458894893,1.79,0.7083994588948928
Denmark 2019,Denmark,21,a,L,27.051866661945883,25.9,1.1518666619458848
Denmark 2019,Denmark,21,o,R,11.948030575669582,8.74,3.208030575669582
Denmark 2019,Denmark,21,v,R,17.87948296644438,23.39,-5.510517033555619
Denmark 2019,Denmark,21,oe,L,9.293128314837706,6.94,2.353128314837705
Denmark 2019,Denmark,21,i,R,3.601823236721674,2.33,1.2718232367216737
Denmark 2019,Denmark,21,aa,L,3.3592658193274336,2.95,0.40926581932743344
Denmark 2019,Denmark,21,b,L,7.172809740794212,8.63,-1.457190259205789
Denmark 2019,Denmark,21,f,L,7.554595255628428,7.71,-0.15540474437157226
Denmark 2019,Denmark,21,c,R,5.078595215221279,6.62,-1.5414047847787211
Denmark 2019,Denmark,21,k,R,1.1023016738628226,1.73,-0.6276983261371774
Denmark 2019,Denmark,21,d,R,2.330775993843212,2.36,-0.029224006156787663
Denmark 2019,Denmark,21,e,X,0.5599503878864207,0.84,-0.28004961211357926
Denmark 2019,Denmark,21,p,R,2.607227687342861,1.79,0.8172276873428608
Denmark 2019,Denmark,28,a,L,26.545689298257237,25.9,0.6456892982572384
Denmark 2019,Denmark,28,o,R,12.416666250441276,8.74,3.6766662504412757
Denmark 2019,Denmark,28,v,R,18.1932887925581,23.39,-5.196711207441901
Denmark 2019,Denmark,28,oe,L,9.44254579985542,6.94,2.5025457998554197
Denmark 2019,Denmark,28,i,R,3.9382382203372965,2.33,1.6082382203372965
Denmark 2019,Denmark,28,aa,L,3.645313631103855,2.95,0.695313631103855
Denmark 2019,Denmark,28,b,L,7.09081433295014,8.63,-1.5391856670498605
Denmark 2019,Denmark,28,f,L,7.191054709709533,7.71,-0.5189452902904668
Denmark 2019,Denmark,28,c,R,4.414139018285875,6.62,-2.2058609817141255
Denmark 2019,Denmark,28,k,R,0.9375254494737321,1.73,-0.7924745505262679
Denmark 2019,Denmark,28,d,R,2.5438269535994755,2.36,0.18382695359947565
Denmark 2019,Denmark,28,e,X,0.5652720509837312,0.84,-0.27472794901626874
Denmark 2019,Denmark,28,p,R,2.8707406062702976,1.79,1.0807406062702976
Denmark 2022,Denmark,0,a,L,25.909190425764997,27.5,-1.5908095742350028
Denmark 2022,Denmark,0,v,R,13.17898086110512,13.32,-0.1410191388948796
Denmark 2022,Denmark,0,o,R,2.714509263840212,2.64,0.07450926384021184
Denmark 2022,Denmark,0,b,L,4.097520033716319,3.79,0.30752003371631886
Denmark 2022,Denmark,0,f,L,8.838531880049114,8.3,0.5385318800491135
Denmark 2022,Denmark,0,oe,L,6.436267310067803,5.13,1.3062673100678035
Denmark 2022,Denmark,0,c,R,6.1576116624556745,5.51,0.6476116624556747
Denmark 2022,Denmark,0,aa,L,2.723173244109231,3.33,-0.606826755890769
Denmark 2022,Denmark,0,d,R,4.416315109581353,3.67,0.7463151095813529
Denmark 2022,Denmark,0,i,R,7.518920515846787,7.89,-0.37107948415321257
Denmark 2022,Denmark,0,k,R,0.5310170862571082,0.52,0.011017086257108177
Denmark 2022,Denmark,0,m,X,8.760187412436391,9.27,-0.5098125875636086
Denmark 2022,Denmark,0,q,L,0.6538950630089732,0.9,-0.24610493699102687
Denmark 2022,Denmark,0,ae,R,8.081886046131535,8.12,-0.03811395386846428
Denmark 2022,Denmark,7,a,L,26.114410351983658,27.5,-1.3855896480163423
Denmark 2022,Denmark,7,v,R,12.791797150131954,13.32,-0.5282028498680464
Denmark 2022,Denmark,7,o,R,2.4023027626868423,2.64,-0.23769723731315784
Denmark 2022,Denmark,7,b,L,4.01031746959997,3.79,0.22031746959997012
Denmark 2022,Denmark,7,f,L,8.63720927218841,8.3,0.3372092721884101
Denmark 2022,Denmark,7,oe,L,6.943507631212421,5.13,1.8135076312124214
Denmark 2022,Denmark,7,c,R,6.7896963348086885,5.51,1.2796963348086887
Denmark 2022,Denmark,7,aa,L,2.1991203607483154,3.33,-1.1308796392516847
Denmark 2022,Denmark,7,d,R,4.394339005960928,3.67,0.7243390059609283
Denmark 2022,Denmark,7,i,R,7.223752067718655,7.89,-0.6662479322813448
Denmark 2022,Denmark,7,k,R,0.5174002247841183,0.52,-0.0025997752158817278
Denmark 2022,Denmark,7,m,X,9.088405956842442,9.27,-0.181594043157558
Denmark 2022,Denmark,7,q,L,0.6762583794339068,0.9,-0.22374162056609326
Denmark 2022,Denmark,7,ae,R,7.996725373971316,8.12,-0.12327462602868344
Denmark 2022,Denmark,14,a,L,27.520424850685437,27.5,0.02042485068543698
Denmark 2022,Denmark,14,v,R,13.013669086839101,13.32,-0.3063309131608989
Denmark 2022,Denmark,14,o,R,2.5673571471482446,2.64,-0.07264285285175553
Denmark 2022,Denmark,14,b,L,4.459771184733056,3.79,0.6697711847330563
Denmark 2022,Denmark,14,f,L,8.32799943058582,8.3,0.027999430585818885
Denmark 2022,Denmark,14,oe,L,6.426013102571708,5.13,1.2960131025717079
Denmark 2022,Denmark,14,c,R,8.394222097433417,5.51,2.884222097433417
Denmark 2022,Denmark,14,aa,L,1.9671184008229914,3.33,-1.3628815991770087
Denmark 2022,Denmark,14,d,R,4.981504595905379,3.67,1.3115045959053795
Denmark 2022,Denmark,14,i,R,6.031070284825319,7.89,-1.858929715174681
Denmark 2022,Denmark,14,k,R,0.5726497580527402,0.52,0.05264975805274019
Denmark 2022,Denmark,14,m,X,6.937553925937736,9.27,-2.332446074062264
Denmark 2022,Denmark,14,q,L,0.7862423750422289,0.9,-0.11375762495777109
Denmark 2022,Denmark,14,ae,R,7.794132210727746,8.12,-0.32586778927225346
Denmark 2022,Denmark,21,a,L,27.81883161456441,27.5,0.31883161456440945
Denmark 2022,Denmark,21,v,R,12.516424303579,13.32,-0.8035756964209995
Denmark 2022,Denmark,21,o,R,2.3311884575637625,2.64,-0.30881154243623765
Denmark 2022,Denmark,21,b,L,4.734895653996466,3.79,0.9448956539964657
Denmark 2022,Denmark,21,f,L,8.38218369538275,8.3,0.08218369538274928
Denmark 2022,Denmark,21,oe,L,6.677240310320882,5.13,1.5472403103208823
Denmark 2022,Denmark,21,c,R,10.765707005507224,5.51,5.255707005507224
Denmark 2022,Denmark,21,aa,L,1.4903682648553551,3.33,-1.839631735144645
Denmark 2022,Denmark,21,d,R,5.1023393739675384,3.67,1.4323393739675385
Denmark 2022,Denmark,21,i,R,4.689519712878564,7.89,-3.2004802871214357
Denmark 2022,Denmark,21,k,R,0.47725546878335867,0.52,-0.042744531216641346
Denmark 2022,Denmark,21,m,X,4.304133671279491,9.27,-4.965866328720509
Denmark 2022,Denmark,21,q,L,0.5318434268848771,0.9,-0.36815657311512295
Denmark 2022,Denmark,21,ae,R,9.99470908818424,8.12,1.8747090881842414
Denmark 2022,Denmark,28,a,L,25.405811175087088,27.5,-2.094188824912912
Denmark 2022,Denmark,28,v,R,12.24277327255777,13.32,-1.0772267274422305
Denmark 2022,Denmark,28,o,R,2.5305459103626866,2.64,-0.10945408963731351
Denmark 2022,Denmark,28,b,L,5.7303740702483,3.79,1.9403740702482999
Denmark 2022,Denmark,28,f,L,7.713213260400254,8.3,-0.5867867395997468
Denmark 2022,Denmark,28,oe,L,8.406907751622477,5.13,3.2769077516224767
Denmark 2022,Denmark,28,c,R,12.491740144659238,5.51,6.981740144659238
Denmark 2022,Denmark,28,aa,L,1.3920617754765172,3.33,-1.9379382245234829
Denmark 2022,Denmark,28,d,R,5.214223856903729,3.67,1.544223856903729
Denmark 2022,Denmark,28,i,R,4.142978320285121,7.89,-3.7470216797148783
Denmark 2022,Denmark,28,k,R,0.7182795715091697,0.52,0.19827957150916964
Denmark 2022,Denmark,28,m,X,3.221154123684405,9.27,-6.048845876315594
Denmark 2022,Denmark,28,q,L,0.5349479115735756,0.9,-0.36505208842642445
Denmark 2022,Denmark,28,ae,R,9.864786772412835,8.12,1.7447867724128354
New Zealand 2017,New Zealand,0,nat,R,42.98464529255,44.45,-1.465354707450004
New Zealand 2017,New Zealand,0,lab,L,38.46672539855926,36.89,1.5767253985592617
New Zealand 2017,New Zealand,0,grn,L,7.921817090331878,6.27,1.6518170903318783
New Zealand 2017,New Zealand,0,nzf,X,6.759713107954022,7.2,-0.44028689204597793
New Zealand 2017,New Zealand,0,mri,L,0.800182274433134,1.18,-0.3798177255668659
New Zealand 2017,New Zealand,0,act,R,0.7391690679504799,0.5,0.23916906795047987
New Zealand 2017,New Zealand,0,top,X,1.6765101262652,2.44,-0.7634898737347999
New Zealand 2017,New Zealand,0,con,R,0.35394165529870303,0.24,0.11394165529870304
New Zealand 2017,New Zealand,7,nat,R,40.32210674870589,44.45,-4.127893251294111
New Zealand 2017,New Zealand,7,lab,L,41.12904746636297,36.89,4.239047466362969
New Zealand 2017,New Zealand,7,grn,L,6.794857866576782,6.27,0.5248578665767827
New Zealand 2017,New Zealand,7,nzf,X,6.9860665666924255,7.2,-0.21393343330757464
New Zealand 2017,New Zealand,7,mri,L,1.4206548330772903,1.18,0.2406548330772904
New Zealand 2017,New Zealand,7,act,R,0.7493852787644866,0.5,0.24938527876448657
New Zealand 2017,New Zealand,7,top,X,1.8772880839881503,2.44,-0.5627119160118497
New Zealand 2017,New Zealand,7,con,R,0.30811429813486324,0.24,0.06811429813486325
New Zealand 2017,New Zealand,14,nat,R,37.097570702071465,44.45,-7.352429297928538
New Zealand 2017,New Zealand,14,lab,L,42.300938756593396,36.89,5.410938756593396
New Zealand 2017,New Zealand,14,grn,L,6.190200270439121,6.27,-0.07979972956087877
New Zealand 2017,New Zealand,14,nzf,X,9.021144108503437,7.2,1.8211441085034368
New Zealand 2017,New Zealand,14,mri,L,1.5359511587302221,1.18,0.3559511587302222
New Zealand 2017,New Zealand,14,act,R,0.7045738108687423,0.5,0.20457381086874227
New Zealand 2017,New Zealand,14,top,X,1.9134835035993079,2.44,-0.5265164964006921
New Zealand 2017,New Zealand,14,con,R,-0.0014371837858846992,0.24,-0.2414371837858847
New Zealand 2017,New Zealand,21,nat,R,41.980882309911635,44.45,-2.4691176900883676
New Zealand 2017,New Zealand,21,lab,L,40.453844238243164,36.89,3.5638442382431634
New Zealand 2017,New Zealand,21,grn,L,6.523498506076514,6.27,0.2534985060765145
New Zealand 2017,New Zealand,21,nzf,X,7.117867245013674,7.2,-0.08213275498632644
New Zealand 2017,New Zealand,21,mri,L,0.6865888661185582,1.18,-0.49341113388144175
New Zealand 2017,New Zealand,21,act,R,0.6861474097964395,0.5,0.1861474097964395
New Zealand 2017,New Zealand,21,top,X,1.651495714133534,2.44,-0.7885042858664659
New Zealand 2017,New Zealand,21,con,R,0.0035391002929458957,0.24,-0.23646089970705408
New Zealand 2017,New Zealand,28,nat,R,43.16507879743108,44.45,-1.284921202568924
New Zealand 2017,New Zealand,28,lab,L,36.606754453701825,36.89,-0.28324554629817555
New Zealand 2017,New Zealand,28,grn,L,5.476942616137897,6.27,-0.7930573838621022
New Zealand 2017,New Zealand,28,nzf,X,9.877145544958589,7.2,2.677145544958589
New Zealand 2017,New Zealand,28,mri,L,1.4979330215893256,1.18,0.3179330215893257
New Zealand 2017,New Zealand,28,act,R,0.661928823099507,0.5,0.16192882309950696
New Zealand 2017,New Zealand,28,top,X,2.1779855817970577,2.44,-0.26201441820294225
New Zealand 2017,New Zealand,28,con,R,0.1592511746707008,0.24,-0.0807488253292992
New Zealand 2020,New Zealand,0,nat,R,30.522954466649196,25.58,4.942954466649198
New Zealand 2020,New Zealand,0,lab,L,45.675983359416456,50.01,-4.334016640583542
New Zealand 2020,New Zealand,0,nzf,X,2.9861624326000014,2.6,0.38616243260000127
New Zealand 2020,New Zealand,0,grn,L,7.631455727742853,7.86,-0.2285442722571469
New Zealand 2020,New Zealand,0,act,R,8.101052095081485,7.59,0.5110520950814852
New Zealand 2020,New Zealand,0,top,X,1.5375136156397773,1.51,0.027513615639777278
New Zealand 2020,New Zealand,0,mri,L,0.49308899714339555,1.17,-0.6769110028566043
New Zealand 2020,New Zealand,0,con,R,1.572067363315616,1.48,0.09206736331561594
New Zealand 2020,New Zealand,7,nat,R,29.313834403520218,25.58,3.73383440352022
New Zealand 2020,New Zealand,7,lab,L,48.63155288485741,50.01,-1.3784471151425848
New Zealand 2020,New Zealand,7,nzf,X,2.3375064286976923,2.6,-0.26249357130230777
New Zealand 2020,New Zealand,7,grn,L,7.208811311465352,7.86,-0.6511886885346483
New Zealand 2020,New Zealand,7,act,R,7.737943051662439,7.59,0.14794305166243937
New Zealand 2020,New Zealand,7,top,X,1.8282094400833357,1.51,0.31820944008333574
New Zealand 2020,New Zealand,7,mri,L,0.3715768103424012,1.17,-0.7984231896575987
New Zealand 2020,New Zealand,7,con,R,1.51918596585979,1.48,0.03918596585978995
New Zealand 2020,New Zealand,14,nat,R,30.27729595514626,25.58,4.697295955146263
New Zealand 2020,New Zealand,14,lab,L,48.31431585727837,50.01,-1.6956841427216247
New Zealand 2020,New Zealand,14,nzf,X,1.5888547058800877,2.6,-1.0111452941199124
New Zealand 2020,New Zealand,14,grn,L,7.725052551549572,7.86,-0.13494744845042828
New Zealand 2020,New Zealand,14,act,R,7.8429398718874666,7.59,0.2529398718874667
New Zealand 2020,New Zealand,14,top,X,1.2577967856388135,1.51,-0.25220321436118653
New Zealand 2020,New Zealand,14,mri,L,0.9858858404704454,1.17,-0.18411415952955457
New Zealand 2020,New Zealand,14,con,R,1.7761327134261302,1.48,0.29613271342613023
New Zealand 2020,New Zealand,21,nat,R,29.87435483266001,25.58,4.294354832660012
New Zealand 2020,New Zealand,21,lab,L,48.301925229734145,50.01,-1.7080747702658527
New Zealand 2020,New Zealand,21,nzf,X,2.154960732129182,2.6,-0.44503926787081793
New Zealand 2020,New Zealand,21,grn,L,7.153170288204086,7.86,-0.7068297117959146
New Zealand 2020,New Zealand,21,act,R,7.092197009959149,7.59,-0.49780299004085116
New Zealand 2020,New Zealand,21,top,X,1.2364177374940253,1.51,-0.2735822625059747
New Zealand 2020,New Zealand,21,mri,L,1.1009383307267768,1.17,-0.0690616692732231
New Zealand 2020,New Zealand,21,con,R,1.8611255776157802,1.48,0.38112557761578025
New Zealand 2020,New Zealand,28,nat,R,29.88635638302514,25.58,4.306356383025143
New Zealand 2020,New Zealand,28,lab,L,50.21547387262912,50.01,0.20547387262912054
New Zealand 2020,New Zealand,28,nzf,X,2.537646921339085,2.6,-0.062353078660914996
New Zealand 2020,New Zealand,28,grn,L,9.139676984839307,7.86,1.2796769848393064
New Zealand 2020,New Zealand,28,act,R,4.625236521848737,7.59,-2.964763478151263
New Zealand 2020,New Zealand,28,top,X,0.3853034267365063,1.51,-1.1246965732634937
New Zealand 2020,New Zealand,28,mri,L,0.5862677124355202,1.17,-0.5837322875644797
New Zealand 2020,New Zealand,28,con,R,1.0566986261589935,1.48,-0.4233013738410065
New Zealand 2023,New Zealand,0,lab,L,28.15280824384073,26.92,1.2328082438407293
New Zealand 2023,New Zealand,0,nat,R,34.10014674769108,38.08,-3.9798532523089207
New Zealand 2023,New Zealand,0,grn,L,13.352243147234176,11.61,1.742243147234177
New Zealand 2023,New Zealand,0,act,R,8.854568077017557,8.64,0.21456807701755665
New Zealand 2023,New Zealand,0,mri,L,2.545999947391592,3.08,-0.5340000526084081
New Zealand 2023,New Zealand,0,nzf,X,7.305265640646132,6.09,1.2152656406461322
New Zealand 2023,New Zealand,0,top,X,2.6644718705272217,2.22,0.4444718705272215
New Zealand 2023,New Zealand,0,con,R,0.8026164004965964,0.16,0.6426164004965964
New Zealand 2023,New Zealand,7,lab,L,25.651457329342243,26.92,-1.2685426706577587
New Zealand 2023,New Zealand,7,nat,R,36.49365385519104,38.08,-1.5863461448089566
New Zealand 2023,New Zealand,7,grn,L,12.709971747157702,11.61,1.0999717471577029
New Zealand 2023,New Zealand,7,act,R,10.000738677794121,8.64,1.3607386777941208
New Zealand 2023,New Zealand,7,mri,L,2.9370356611401798,3.08,-0.1429643388598203
New Zealand 2023,New Zealand,7,nzf,X,6.417776428776408,6.09,0.3277764287764082
New Zealand 2023,New Zealand,7,top,X,2.1863882858705828,2.22,-0.033611714129417436
New Zealand 2023,New Zealand,7,con,R,0.8001305496097407,0.16,0.6401305496097407
New Zealand 2023,New Zealand,14,lab,L,25.263694434935204,26.92,-1.6563055650647982
New Zealand 2023,New Zealand,14,nat,R,36.97234467127217,38.08,-1.1076553287278301
New Zealand 2023,New Zealand,14,grn,L,13.17095020853007,11.61,1.5609502085300697
New Zealand 2023,New Zealand,14,act,R,10.650076085737478,8.64,2.0100760857374773
New Zealand 2023,New Zealand,14,mri,L,2.8679708866951446,3.08,-0.21202911330485552
New Zealand 2023,New Zealand,14,nzf,X,6.056623329738603,6.09,-0.03337667026139712
New Zealand 2023,New Zealand,14,top,X,2.087481619223373,2.22,-0.13251838077662725
New Zealand 2023,New Zealand,14,con,R,0.8293284948208235,0.16,0.6693284948208235
New Zealand 2023,New Zealand,21,lab,L,25.908640138492423,26.92,-1.0113598615075787
New Zealand 2023,New Zealand,21,nat,R,36.94287003825899,38.08,-1.1371299617410102
New Zealand 2023,New Zealand,21,grn,L,12.619313554672503,11.61,1.009313554672504
New Zealand 2023,New Zealand,21,act,R,10.750856309707904,8.64,2.110856309707904
New Zealand 2023,New Zealand,21,mri,L,2.9218664171707895,3.08,-0.15813358282921053
New Zealand 2023,New Zealand,21,nzf,X,5.516704118018146,6.09,-0.5732958819818537
New Zealand 2023,New Zealand,21,top,X,2.4329899047634367,2.22,0.2129899047634365
New Zealand 2023,New Zealand,21,con,R,0.765390243722141,0.16,0.605390243722141
New Zealand 2023,New Zealand,28,lab,L,26.46929385408093,26.92,-0.4507061459190709
New Zealand 2023,New Zealand,28,nat,R,37.56529978248382,38.08,-0.5147002175161788
New Zealand 2023,New Zealand,28,grn,L,11.169911415670722,11.61,-0.44008858432927767
New Zealand 2023,New Zealand,28,act,R,10.87521239632523,8.64,2.2352123963252293
New Zealand 2023,New Zealand,28,mri,L,3.1357710057862045,3.08,0.05577100578620442
New Zealand 2023,New Zealand,28,nzf,X,5.261406275326175,6.09,-0.8285937246738246
New Zealand 2023,New Zealand,28,top,X,2.106226780809,2.22,-0.11377321919100014
New Zealand 2023,New Zealand,28,con,R,0.8319698309926925,0.16,0.6719698309926925
Israel 2015,Israel,0,likud,R,17.220771355227008,23.40145204664864,-6.180680691421632
Israel 2015,Israel,0,yb,R,4.619772659744616,5.103583950543402,-0.48381129079878615
Israel 2015,Israel,0,jewish_home,R,9.700932752167889,6.742289742486376,2.958643009681513
Israel 2015,Israel,0,yachad,R,3.7210160181251517,2.9722500073618745,0.7487660107632772
Israel 2015,Israel,0,shas,R,6.144142427886948,5.737821322078689,0.4063211058082583
Israel 2015,Israel,0,utj,R,5.588771967973056,4.990472309377318,0.5982996585957379
Israel 2015,Israel,0,joint_list,X,10.30252502912587,10.605445317420283,-0.30292028829441264
Israel 2015,Israel,0,yesh_atid,L,10.071288657678625,8.82479783342405,1.2464908242545754
Israel 2015,Israel,0,zionist_union,L,19.34382932108148,18.673347449134194,0.6704818719472847
Israel 2015,Israel,0,meretz,L,4.29002037152027,3.9309798132648632,0.3590405582554066
Israel 2015,Israel,0,kulanu,X,7.419460262088448,7.489163795535569,-0.06970353344712166
Israel 2015,Israel,7,likud,R,18.33722012304532,23.40145204664864,-5.0642319236033195
Israel 2015,Israel,7,yb,R,4.862919816366539,5.103583950543402,-0.24066413417686316
Israel 2015,Israel,7,jewish_home,R,10.005562337590023,6.742289742486376,3.263272595103647
Israel 2015,Israel,7,yachad,R,3.3345480626164212,2.9722500073618745,0.3622980552545467
Israel 2015,Israel,7,shas,R,6.164704185502853,5.737821322078689,0.42688286342416326
Israel 2015,Israel,7,utj,R,5.650219047678661,4.990472309377318,0.6597467383013429
Israel 2015,Israel,7,joint_list,X,10.194036372247211,10.605445317420283,-0.411408945173072
Israel 2015,Israel,7,yesh_atid,L,9.904570360937553,8.82479783342405,1.0797725275135033
Israel 2015,Israel,7,zionist_union,L,18.890122522073693,18.673347449134194,0.21677507293949816
Israel 2015,Israel,7,meretz,L,4.319350061293721,3.9309798132648632,0.388370248028858
Israel 2015,Israel,7,kulanu,X,6.851554896954013,7.489163795535569,-0.637608898581556
Israel 2015,Israel,14,likud,R,18.243532450909996,23.40145204664864,-5.157919595738644
Israel 2015,Israel,14,yb,R,4.896266487135898,5.103583950543402,-0.20731746340750412
Israel 2015,Israel,14,jewish_home,R,10.08343634668628,6.742289742486376,3.3411466041999045
Israel 2015,Israel,14,yachad,R,4.027817706955574,2.9722500073618745,1.0555676995936993
Israel 2015,Israel,14,shas,R,5.703845096141357,5.737821322078689,-0.03397622593733196
Israel 2015,Israel,14,utj,R,6.053379198442247,4.990472309377318,1.0629068890649291
Israel 2015,Israel,14,joint_list,X,9.94708667551496,10.605445317420283,-0.6583586419053233
Israel 2015,Israel,14,yesh_atid,L,9.514344234215585,8.82479783342405,0.6895464007915351
Israel 2015,Israel,14,zionist_union,L,18.918617274113885,18.673347449134194,0.2452698249796903
Israel 2015,Israel,14,meretz,L,4.435398735671464,3.9309798132648632,0.5044189224066011
Israel 2015,Israel,14,kulanu,X,6.666842356660432,7.489163795535569,-0.8223214388751376
Israel 2015,Israel,21,likud,R,18.984255019179376,23.40145204664864,-4.417197027469264
Israel 2015,Israel,21,yb,R,4.697363722276975,5.103583950543402,-0.40622022826642645
Israel 2015,Israel,21,jewish_home,R,10.036456839615282,6.742289742486376,3.2941670971289057
Israel 2015,Israel,21,yachad,R,3.8505334873739105,2.9722500073618745,0.878283480012036
Israel 2015,Israel,21,shas,R,5.590805397786488,5.737821322078689,-0.14701592429220156
Israel 2015,Israel,21,utj,R,5.827461927269491,4.990472309377318,0.836989617892173
Israel 2015,Israel,21,joint_list,X,9.887037965865943,10.605445317420283,-0.7184073515543403
Israel 2015,Israel,21,yesh_atid,L,9.310240454551902,8.82479783342405,0.4854426211278522
Israel 2015,Israel,21,zionist_union,L,19.043089561956,18.673347449134194,0.3697421128218039
Israel 2015,Israel,21,meretz,L,4.600680020591562,3.9309798132648632,0.6697002073266987
Israel 2015,Israel,21,kulanu,X,6.684918507173651,7.489163795535569,-0.8042452883619182
Israel 2015,Israel,28,likud,R,20.036691241959886,23.40145204664864,-3.3647608046887534
Israel 2015,Israel,28,yb,R,5.0207449446525425,5.103583950543402,-0.08283900589085924
Israel 2015,Israel,28,jewish_home,R,9.85255715543419,6.742289742486376,3.110267412947815
Israel 2015,Israel,28,yachad,R,3.7053890396840066,2.9722500073618745,0.7331390323221321
Israel 2015,Israel,28,shas,R,5.7209749617904055,5.737821322078689,-0.01684636028828379
Israel 2015,Israel,28,utj,R,5.970814701170055,4.990472309377318,0.9803423917927372
Israel 2015,Israel,28,joint_list,X,9.92760123262308,10.605445317420283,-0.6778440847972043
Israel 2015,Israel,28,yesh_atid,L,8.266353841910043,8.82479783342405,-0.5584439915140074
Israel 2015,Israel,28,zionist_union,L,19.193400933957747,18.673347449134194,0.5200534848235527
Israel 2015,Israel,28,meretz,L,4.710708344981535,3.9309798132648632,0.779728531716672
Israel 2015,Israel,28,kulanu,X,6.193675404463157,7.489163795535569,-1.2954883910724124
Israel 2019a,Israel,0,likud,R,22.312230298527147,26.46318285927779,-4.150952560750643
Israel 2019a,Israel,0,kulanu,R,3.8665842163450175,3.5448231370974668,0.3217610792475507
Israel 2019a,Israel,0,urwp,R,5.236084013562859,3.70058037672274,1.5355036368401191
Israel 2019a,Israel,0,yb,R,2.9359977257302763,4.014693904071919,-1.0786961783416427
Israel 2019a,Israel,0,new_right,R,4.8085306851059215,3.216275610486231,1.5922550746196906
Israel 2019a,Israel,0,zehut,R,4.670630898224385,2.7390021975879906,1.9316287006363941
Israel 2019a,Israel,0,shas,R,4.341452445572354,5.993474532809501,-1.652022087237147
Israel 2019a,Israel,0,utj,R,5.097290305348885,5.779377945684536,-0.6820876403356513
Israel 2019a,Israel,0,raam_balad,X,3.10295004258548,3.333882536949414,-0.23093249436393393
Israel 2019a,Israel,0,hadash_taal,X,5.73512847010794,4.488973770499412,1.2461546996085273
Israel 2019a,Israel,0,labor,L,7.792954112600935,4.429288487377212,3.3636656252237227
Israel 2019a,Israel,0,blue_white,L,22.080707253509225,26.126954217303627,-4.0462469637944025
Israel 2019a,Israel,0,meretz,L,4.572267555676939,3.6310790458708784,0.9411885098060608
Israel 2019a,Israel,0,gesher,L,2.432140061127077,1.73349546442901,0.6986445966980672
Israel 2019a,Israel,7,likud,R,22.26609425174238,26.46318285927779,-4.1970886075354095
Israel 2019a,Israel,7,kulanu,R,3.679437996486736,3.5448231370974668,0.1346148593892691
Israel 2019a,Israel,7,urwp,R,5.219523513884136,3.70058037672274,1.5189431371613957
Israel 2019a,Israel,7,yb,R,2.8798687394822085,4.014693904071919,-1.1348251645897105
Israel 2019a,Israel,7,new_right,R,5.121183496461613,3.216275610486231,1.9049078859753825
Israel 2019a,Israel,7,zehut,R,4.419644693425713,2.7390021975879906,1.6806424958377226
Israel 2019a,Israel,7,shas,R,4.610074577881254,5.993474532809501,-1.3833999549282474
Israel 2019a,Israel,7,utj,R,5.1534502708169185,5.779377945684536,-0.6259276748676177
Israel 2019a,Israel,7,raam_balad,X,3.2713297043476404,3.333882536949414,-0.06255283260177347
Israel 2019a,Israel,7,hadash_taal,X,5.817957813128581,4.488973770499412,1.3289840426291688
Israel 2019a,Israel,7,labor,L,7.317270226337737,4.429288487377212,2.8879817389605247
Israel 2019a,Israel,7,blue_white,L,22.61077223584089,26.126954217303627,-3.5161819814627364
Israel 2019a,Israel,7,meretz,L,4.232364470969857,3.6310790458708784,0.601285425098979
Israel 2019a,Israel,7,gesher,L,2.2936602504588604,1.73349546442901,0.5601647860298504
Israel 2019a,Israel,14,likud,R,21.91573643741812,26.46318285927779,-4.5474464218596715
Israel 2019a,Israel,14,kulanu,R,3.6114400354034166,3.5448231370974668,0.06661689830594986
Israel 2019a,Israel,14,urwp,R,5.375720107325039,3.70058037672274,1.6751397306022988
Israel 2019a,Israel,14,yb,R,3.0736258985930074,4.014693904071919,-0.9410680054789116
Israel 2019a,Israel,14,new_right,R,4.923507021151509,3.216275610486231,1.707231410665278
Israel 2019a,Israel,14,zehut,R,4.330487933849616,2.7390021975879906,1.5914857362616255
Israel 2019a,Israel,14,shas,R,4.441594363530253,5.993474532809501,-1.551880169279248
Israel 2019a,Israel,14,utj,R,5.333793701460458,5.779377945684536,-0.4455842442240785
Israel 2019a,Israel,14,raam_balad,X,3.304667009756457,3.333882536949414,-0.029215527192956614
Israel 2019a,Israel,14,hadash_taal,X,5.920131940769187,4.488973770499412,1.4311581702697742
Israel 2019a,Israel,14,labor,L,7.133352450759505,4.429288487377212,2.7040639633822927
Israel 2019a,Israel,14,blue_white,L,22.804336866370697,26.126954217303627,-3.32261735093293
Israel 2019a,Israel,14,meretz,L,4.243123113031129,3.6310790458708784,0.6120440671602507
Israel 2019a,Israel,14,gesher,L,2.5652937892512413,1.73349546442901,0.8317983248222314
Israel 2019a,Israel,21,likud,R,22.696143876242957,26.46318285927779,-3.7670389830348334
Israel 2019a,Israel,21,kulanu,R,3.154652502731671,3.5448231370974668,-0.3901706343657958
Israel 2019a,Israel,21,urwp,R,5.6516380846502035,3.70058037672274,1.9510577079274634
Israel 2019a,Israel,21,yb,R,3.1266965635227377,4.014693904071919,-0.8879973405491812
Israel 2019a,Israel,21,new_right,R,5.056145795148138,3.216275610486231,1.8398701846619074
Israel 2019a,Israel,21,zehut,R,3.7902228359589447,2.7390021975879906,1.0512206383709541
Israel 2019a,Israel,21,shas,R,4.243674567599138,5.993474532809501,-1.7497999652103635
Israel 2019a,Israel,21,utj,R,5.15814881044415,5.779377945684536,-0.6212291352403865
Israel 2019a,Israel,21,raam_balad,X,3.3604086349664235,3.333882536949414,0.02652609801700967
Israel 2019a,Israel,21,hadash_taal,X,6.077646734511595,4.488973770499412,1.5886729640121828
Israel 2019a,Israel,21,labor,L,6.637966974220068,4.429288487377212,2.2086784868428557
Israel 2019a,Israel,21,blue_white,L,22.77032279994278,26.126954217303627,-3.3566314173608482
Israel 2019a,Israel,21,meretz,L,4.6109979954779545,3.6310790458708784,0.9799189496070762
Israel 2019a,Israel,21,gesher,L,2.250240628138091,1.73349546442901,0.5167451637090812
Israel 2019a,Israel,28,likud,R,21.53747258676161,26.46318285927779,-4.925710272516181
Israel 2019a,Israel,28,kulanu,R,3.752631524454964,3.5448231370974668,0.20780838735749718
Israel 2019a,Israel,28,urwp,R,5.5814791934889145,3.70058037672274,1.8808988167661744
Israel 2019a,Israel,28,yb,R,2.287799826435205,4.014693904071919,-1.726894077636714
Israel 2019a,Israel,28,new_right,R,5.04990879531701,3.216275610486231,1.833633184830779
Israel 2019a,Israel,28,zehut,R,3.274780250770469,2.7390021975879906,0.5357780531824785
Israel 2019a,Israel,28,shas,R,3.8516990644297557,5.993474532809501,-2.1417754683797456
Israel 2019a,Israel,28,utj,R,5.50269817686517,5.779377945684536,-0.27667976881936607
Israel 2019a,Israel,28,raam_balad,X,2.9946363073991353,3.333882536949414,-0.3392462295502785
Israel 2019a,Israel,28,hadash_taal,X,6.625502904530828,4.488973770499412,2.1365291340314156
Israel 2019a,Israel,28,labor,L,6.381332644236959,4.429288487377212,1.9520441568597473
Israel 2019a,Israel,28,blue_white,L,24.56781029900307,26.126954217303627,-1.5591439183005562
Israel 2019a,Israel,28,meretz,L,4.679718313134549,3.6310790458708784,1.0486392672636704
Israel 2019a,Israel,28,gesher,L,2.2820160378691012,1.73349546442901,0.5485205734400913
Israel 2019b,Israel,0,likud,R,26.193339436155846,25.099519789686543,1.0938196464693029
Israel 2019b,Israel,0,yamina,R,6.913530261518596,5.874834283942097,1.0386959775764986
Israel 2019b,Israel,0,otzma,R,3.5370199165770684,1.8844411948595452,1.6525787217175232
Israel 2019b,Israel,0,shas,R,5.915679905988863,7.442268154163153,-1.5265882481742894
Israel 2019b,Israel,0,utj,R,6.274102693807453,6.05784882187772,0.21625387192973378
Israel 2019b,Israel,0,joint_list,X,8.960114404791021,10.59796168685311,-1.6378472820620882
Israel 2019b,Israel,0,blue_white,L,25.57643097410834,25.94690865455916,-0.3704776804508185
Israel 2019b,Israel,0,labor,L,4.200542594488003,4.795837365888885,-0.5952947714008818
Israel 2019b,Israel,0,yb,L,7.101858046371506,6.990479187054832,0.11137885931667402
Israel 2019b,Israel,0,dem_union,L,4.511413183367052,4.338594024620414,0.17281915874663856
Israel 2019b,Israel,7,likud,R,24.896741883058155,25.099519789686543,-0.20277790662838768
Israel 2019b,Israel,7,yamina,R,7.5461926359989535,5.874834283942097,1.6713583520568562
Israel 2019b,Israel,7,otzma,R,3.2131911050489816,1.8844411948595452,1.3287499101894364
Israel 2019b,Israel,7,shas,R,5.981529728593964,7.442268154163153,-1.4607384255691889
Israel 2019b,Israel,7,utj,R,6.066085011887347,6.05784882187772,0.00823619000962772
Israel 2019b,Israel,7,joint_list,X,8.200786812252279,10.59796168685311,-2.3971748746008306
Israel 2019b,Israel,7,blue_white,L,25.167263936471358,25.94690865455916,-0.7796447180878019
Israel 2019b,Israel,7,labor,L,4.7634668784252785,4.795837365888885,-0.0323704874636066
Israel 2019b,Israel,7,yb,L,7.745829612976621,6.990479187054832,0.7553504259217894
Israel 2019b,Israel,7,dem_union,L,5.021357868968076,4.338594024620414,0.6827638443476625
Israel 2019b,Israel,14,likud,R,24.687441441778006,25.099519789686543,-0.4120783479085368
Israel 2019b,Israel,14,yamina,R,7.946518721545205,5.874834283942097,2.071684437603108
Israel 2019b,Israel,14,otzma,R,2.5192180102966493,1.8844411948595452,0.6347768154371041
Israel 2019b,Israel,14,shas,R,5.981718415274247,7.442268154163153,-1.460549738888906
Israel 2019b,Israel,14,utj,R,5.992815788750647,6.05784882187772,-0.06503303312707231
Israel 2019b,Israel,14,joint_list,X,8.53344182736144,10.59796168685311,-2.0645198594916696
Israel 2019b,Israel,14,blue_white,L,24.471278971971465,25.94690865455916,-1.4756296825876944
Israel 2019b,Israel,14,labor,L,5.1056460679761155,4.795837365888885,0.30980870208723044
Israel 2019b,Israel,14,yb,L,7.983969234710575,6.990479187054832,0.9934900476557429
Israel 2019b,Israel,14,dem_union,L,5.596032238068773,4.338594024620414,1.257438213448359
Israel 2019b,Israel,21,likud,R,24.886446297431362,25.099519789686543,-0.21307349225518024
Israel 2019b,Israel,21,yamina,R,8.522118044644825,5.874834283942097,2.647283760702728
Israel 2019b,Israel,21,otzma,R,2.068118169274218,1.8844411948595452,0.18367697441467268
Israel 2019b,Israel,21,shas,R,6.103635252404383,7.442268154163153,-1.3386329017587695
Israel 2019b,Israel,21,utj,R,6.06803853860756,6.05784882187772,0.01018971672984037
Israel 2019b,Israel,21,joint_list,X,8.725434139113156,10.59796168685311,-1.8725275477399528
Israel 2019b,Israel,21,blue_white,L,24.023488225304625,25.94690865455916,-1.9234204292545343
Israel 2019b,Israel,21,labor,L,4.804327597687194,4.795837365888885,0.008490231798308656
Israel 2019b,Israel,21,yb,L,7.77939119436234,6.990479187054832,0.7889120073075082
Israel 2019b,Israel,21,dem_union,L,5.5127845664866495,4.338594024620414,1.1741905418662357
Israel 2019b,Israel,28,likud,R,24.362487305938274,25.099519789686543,-0.7370324837482691
Israel 2019b,Israel,28,yamina,R,8.776925515146102,5.874834283942097,2.902091231204005
Israel 2019b,Israel,28,otzma,R,2.2937968913958358,1.8844411948595452,0.40935569653629056
Israel 2019b,Israel,28,shas,R,6.031307191695763,7.442268154163153,-1.4109609624673896
Israel 2019b,Israel,28,utj,R,6.229011056639521,6.05784882187772,0.1711622347618018
Israel 2019b,Israel,28,joint_list,X,8.256819644648708,10.59796168685311,-2.3411420422044014
Israel 2019b,Israel,28,blue_white,L,23.389116494850384,25.94690865455916,-2.557792159708775
Israel 2019b,Israel,28,labor,L,5.191098999033061,4.795837365888885,0.39526163314417584
Israel 2019b,Israel,28,yb,L,8.068147764986842,6.990479187054832,1.0776685779320099
Israel 2019b,Israel,28,dem_union,L,6.0054739120267016,4.338594024620414,1.6668798874062878
Israel 2020,Israel,0,likud,R,27.163665704881538,29.464721827286866,-2.3010561224053276
Israel 2020,Israel,0,yamina,R,6.2241123281843,5.243698233270052,0.9804140949142477
Israel 2020,Israel,0,otzma,R,1.6336576602229806,0.4226958154377871,1.2109618447851935
Israel 2020,Israel,0,shas,R,6.981982275965693,7.687325356389522,-0.7053430804238285
Israel 2020,Israel,0,utj,R,6.140721200172489,5.978938846577671,0.16178235359481796
Israel 2020,Israel,0,joint_list,X,11.234654538743769,12.668826695587118,-1.4341721568433492
Israel 2020,Israel,0,blue_white,L,26.482269816483058,26.587462217285957,-0.10519240080289904
Israel 2020,Israel,0,emet,L,7.327605980907267,5.82737226643126,1.500233714476007
Israel 2020,Israel,0,yb,L,5.593806268100789,5.737722061270632,-0.1439157931698425
Israel 2020,Israel,7,likud,R,26.321547282193666,29.464721827286866,-3.143174545093199
Israel 2020,Israel,7,yamina,R,6.190927349028975,5.243698233270052,0.9472291157589225
Israel 2020,Israel,7,otzma,R,1.6887858190241052,0.4226958154377871,1.266090003586318
Israel 2020,Israel,7,shas,R,6.896371426213287,7.687325356389522,-0.7909539301762347
Israel 2020,Israel,7,utj,R,6.1274246860963295,5.978938846577671,0.14848583951865812
Israel 2020,Israel,7,joint_list,X,11.149737089541102,12.668826695587118,-1.5190896060460162
Israel 2020,Israel,7,blue_white,L,26.66176024587991,26.587462217285957,0.07429802859395451
Israel 2020,Israel,7,emet,L,7.529877061855737,5.82737226643126,1.7025047954244776
Israel 2020,Israel,7,yb,L,5.971246157413621,5.737722061270632,0.23352409614298875
Israel 2020,Israel,14,likud,R,26.08877410654643,29.464721827286866,-3.3759477207404345
Israel 2020,Israel,14,yamina,R,6.061827002362705,5.243698233270052,0.8181287690926524
Israel 2020,Israel,14,otzma,R,1.6728172724713901,0.4226958154377871,1.250121457033603
Israel 2020,Israel,14,shas,R,6.628600997917881,7.687325356389522,-1.0587243584716406
Israel 2020,Israel,14,utj,R,6.407961356743273,5.978938846577671,0.429022510165602
Israel 2020,Israel,14,joint_list,X,11.17440014556815,12.668826695587118,-1.494426550018968
Israel 2020,Israel,14,blue_white,L,27.36103024919864,26.587462217285957,0.773568031912685
Israel 2020,Israel,14,emet,L,7.088745379062068,5.82737226643126,1.2613731126308085
Israel 2020,Israel,14,yb,L,6.014266426785415,5.737722061270632,0.27654436551478323
Israel 2020,Israel,21,likud,R,26.44471573072218,29.464721827286866,-3.0200060965646855
Israel 2020,Israel,21,yamina,R,6.000086394701604,5.243698233270052,0.756388161431552
Israel 2020,Israel,21,otzma,R,1.4837710063289535,0.4226958154377871,1.0610751908911664
Israel 2020,Israel,21,shas,R,6.41649707370121,7.687325356389522,-1.2708282826883117
Israel 2020,Israel,21,utj,R,6.359830676861916,5.978938846577671,0.380891830284245
Israel 2020,Israel,21,joint_list,X,10.927720876889502,12.668826695587118,-1.7411058186976156
Israel 2020,Israel,21,blue_white,L,27.453692407634946,26.587462217285957,0.8662301903489897
Israel 2020,Israel,21,emet,L,7.33848246995346,5.82737226643126,1.5111102035222004
Israel 2020,Israel,21,yb,L,6.163181288161273,5.737722061270632,0.4254592268906414
Israel 2020,Israel,28,likud,R,26.678850723609955,29.464721827286866,-2.785871103676911
Israel 2020,Israel,28,yamina,R,6.13228560527772,5.243698233270052,0.8885873720076676
Israel 2020,Israel,28,otzma,R,1.6850333100769241,0.4226958154377871,1.262337494639137
Israel 2020,Israel,28,shas,R,6.67233472880009,7.687325356389522,-1.014990627589432
Israel 2020,Israel,28,utj,R,6.247275712044431,5.978938846577671,0.2683368654667593
Israel 2020,Israel,28,joint_list,X,10.795510782038168,12.668826695587118,-1.87331591354895
Israel 2020,Israel,28,blue_white,L,27.28267205706706,26.587462217285957,0.6952098397811035
Israel 2020,Israel,28,emet,L,6.911455005891552,5.82737226643126,1.0840827394602925
Israel 2020,Israel,28,yb,L,6.403368716267064,5.737722061270632,0.6656466549964319
Israel 2021,Israel,0,likud,R,23.963719467293082,24.19227709786642,-0.2285576305733379
Israel 2021,Israel,0,rzp,R,4.117136372624625,5.116515632922242,-0.9993792602976175
Israel 2021,Israel,0,shas,R,6.689330444506903,7.165629793027384,-0.47629934852048095
Israel 2021,Israel,0,utj,R,5.704103736697496,5.632382566010559,0.07172117068693673
Israel 2021,Israel,0,joint_list,X,6.557902624215456,4.820419351064341,1.7374832731511143
Israel 2021,Israel,0,raam,X,3.2312466485109175,3.788254650965567,-0.5570080024546495
Israel 2021,Israel,0,yesh_atid,L,14.522418420892333,13.925277978581658,0.5971404423106748
Israel 2021,Israel,0,blue_white,L,3.9339193167203934,6.627064714883181,-2.6931453981627875
Israel 2021,Israel,0,yb,L,6.067906401663867,5.631906381149247,0.43600002051462017
Israel 2021,Israel,0,meretz,L,3.5843306832036697,4.585388108802345,-1.0010574255986753
Israel 2021,Israel,0,new_hope,L,7.025212246040091,4.742823894140024,2.2823883519000674
Israel 2021,Israel,0,labor,L,4.270962610692191,6.094417934301002,-1.823455323608811
Israel 2021,Israel,0,new_economic,L,1.4092878259144062,0.7909884055788912,0.618299420335515
Israel 2021,Israel,0,yamina,X,7.48933178369423,6.209359889633954,1.2799718940602762
Israel 2021,Israel,7,likud,R,22.208542851019487,24.19227709786642,-1.9837342468469323
Israel 2021,Israel,7,rzp,R,3.899764819413109,5.116515632922242,-1.2167508135091332
Israel 2021,Israel,7,shas,R,6.025112668991444,7.165629793027384,-1.1405171240359406
Israel 2021,Israel,7,utj,R,5.6404869134088145,5.632382566010559,0.008104347398255385
Israel 2021,Israel,7,joint_list,X,6.5623622741493595,4.820419351064341,1.741942923085018
Israel 2021,Israel,7,raam,X,3.2284528519973126,3.788254650965567,-0.5598017989682544
Israel 2021,Israel,7,yesh_atid,L,14.671587107495071,13.925277978581658,0.7463091289134134
Israel 2021,Israel,7,blue_white,L,3.832192229222078,6.627064714883181,-2.794872485661103
Israel 2021,Israel,7,yb,L,5.960113117363914,5.631906381149247,0.3282067362146668
Israel 2021,Israel,7,meretz,L,3.1385042103741805,4.585388108802345,-1.4468838984281644
Israel 2021,Israel,7,new_hope,L,7.986372875814029,4.742823894140024,3.243548981674005
Israel 2021,Israel,7,labor,L,4.763786484886156,6.094417934301002,-1.3306314494148461
Israel 2021,Israel,7,new_economic,L,1.6993967712044367,0.7909884055788912,0.9084083656255455
Israel 2021,Israel,7,yamina,X,8.905235958732419,6.209359889633954,2.695876069098465
Israel 2021,Israel,14,likud,R,21.767175613132352,24.19227709786642,-2.4251014847340677
Israel 2021,Israel,14,rzp,R,3.628241654141267,5.116515632922242,-1.4882739787809753
Israel 2021,Israel,14,shas,R,5.987118888026144,7.165629793027384,-1.1785109050012403
Israel 2021,Israel,14,utj,R,5.466038209913705,5.632382566010559,-0.16634435609685383
Israel 2021,Israel,14,joint_list,X,6.73345273216286,4.820419351064341,1.9130333810985185
Israel 2021,Israel,14,raam,X,3.030963659019917,3.788254650965567,-0.7572909919456499
Israel 2021,Israel,14,yesh_atid,L,14.723433836861588,13.925277978581658,0.7981558582799302
Israel 2021,Israel,14,blue_white,L,4.095208756872719,6.627064714883181,-2.5318559580104623
Israel 2021,Israel,14,yb,L,6.03479887402548,5.631906381149247,0.40289249287623274
Israel 2021,Israel,14,meretz,L,3.041512948309793,4.585388108802345,-1.543875160492552
Israel 2021,Israel,14,new_hope,L,8.781335130195789,4.742823894140024,4.038511236055765
Israel 2021,Israel,14,labor,L,4.730385703372842,6.094417934301002,-1.36403223092816
Israel 2021,Israel,14,new_economic,L,1.6129646814413534,0.7909884055788912,0.8219762758624622
Israel 2021,Israel,14,yamina,X,8.905073575354155,6.209359889633954,2.695713685720201
Israel 2021,Israel,21,likud,R,21.704360882543106,24.19227709786642,-2.487916215323313
Israel 2021,Israel,21,rzp,R,3.590533422246324,5.116515632922242,-1.5259822106759184
Israel 2021,Israel,21,shas,R,6.230170700996053,7.165629793027384,-0.9354590920313308
Israel 2021,Israel,21,utj,R,5.542699587898062,5.632382566010559,-0.08968297811249748
Israel 2021,Israel,21,joint_list,X,7.034053839394681,4.820419351064341,2.2136344883303396
Israel 2021,Israel,21,raam,X,2.786571972710228,3.788254650965567,-1.0016826782553392
Israel 2021,Israel,21,yesh_atid,L,13.937829301885358,13.925277978581658,0.012551323303700457
Israel 2021,Israel,21,blue_white,L,3.6653807939988106,6.627064714883181,-2.9616839208843704
Israel 2021,Israel,21,yb,L,5.796747321741474,5.631906381149247,0.1648409405922271
Israel 2021,Israel,21,meretz,L,3.250610648282616,4.585388108802345,-1.334777460519729
Israel 2021,Israel,21,new_hope,L,10.262625038574784,4.742823894140024,5.51980114443476
Israel 2021,Israel,21,labor,L,4.921093027879449,6.094417934301002,-1.173324906421553
Israel 2021,Israel,21,new_economic,L,1.5336170785648262,0.7909884055788912,0.742628672985935
Israel 2021,Israel,21,yamina,X,8.718836546983848,6.209359889633954,2.509476657349894
Israel 2021,Israel,28,likud,R,22.02832104298045,24.19227709786642,-2.1639560548859684
Israel 2021,Israel,28,rzp,R,3.623581348991545,5.116515632922242,-1.4929342839306972
Israel 2021,Israel,28,shas,R,6.352295198617538,7.165629793027384,-0.813334594409846
Israel 2021,Israel,28,utj,R,5.669361680060792,5.632382566010559,0.03697911405023291
Israel 2021,Israel,28,joint_list,X,7.098830553248504,4.820419351064341,2.278411202184163
Israel 2021,Israel,28,raam,X,2.61473216688389,3.788254650965567,-1.1735224840816771
Israel 2021,Israel,28,yesh_atid,L,13.498877435419743,13.925277978581658,-0.42640054316191467
Israel 2021,Israel,28,blue_white,L,3.584876318400767,6.627064714883181,-3.042188396482414
Israel 2021,Israel,28,yb,L,5.501076861170677,5.631906381149247,-0.13082951997856984
Israel 2021,Israel,28,meretz,L,3.6006652203935374,4.585388108802345,-0.9847228884088075
Israel 2021,Israel,28,new_hope,L,10.135854670742846,4.742823894140024,5.3930307766028225
Israel 2021,Israel,28,labor,L,4.932380609297703,6.094417934301002,-1.1620373250032987
Israel 2021,Israel,28,new_economic,L,1.8452810084558222,0.7909884055788912,1.054292602876931
Israel 2021,Israel,28,yamina,X,8.717385002523319,6.209359889633954,2.5080251128893645
Israel 2022,Israel,0,likud,R,23.959237118937473,23.408108980507237,0.5511281384302364
Israel 2022,Israel,0,rzp,R,10.896952313301579,10.8394116617437,0.05754065155787913
Israel 2022,Israel,0,jewish_home,R,1.767183374680389,1.1915650417168442,0.5756183329635449
Israel 2022,Israel,0,shas,R,6.855916943884164,8.24733007579424,-1.3914131319100758
Israel 2022,Israel,0,utj,R,5.629516188267466,5.880570238640413,-0.2510540503729466
Israel 2022,Israel,0,hadash_taal,X,3.4038763270463157,3.751199960039809,-0.34732363299349345
Israel 2022,Israel,0,raam,X,3.4036443746552623,4.072560487010629,-0.6689161123553671
Israel 2022,Israel,0,balad,X,1.9260435592225553,2.909223626378931,-0.9831800671563755
Israel 2022,Israel,0,yesh_atid,L,19.139935300719323,17.785538020736485,1.3543972799828374
Israel 2022,Israel,0,national_unity,L,9.020983935694723,9.076713912316764,-0.05572997662204138
Israel 2022,Israel,0,labor,L,4.235877672750333,3.693631260622296,0.542246412128037
Israel 2022,Israel,0,yb,L,4.687440892172185,4.48475489333945,0.20268599883273453
Israel 2022,Israel,0,meretz,L,3.7027146570217297,3.164767368306616,0.5379472887151135
Israel 2022,Israel,7,likud,R,24.54803274517826,23.408108980507237,1.1399237646710247
Israel 2022,Israel,7,rzp,R,10.345116662281887,10.8394116617437,-0.4942949994618129
Israel 2022,Israel,7,jewish_home,R,1.834406576901575,1.1915650417168442,0.6428415351847308
Israel 2022,Israel,7,shas,R,6.761084386552573,8.24733007579424,-1.4862456892416667
Israel 2022,Israel,7,utj,R,5.691297590245297,5.880570238640413,-0.18927264839511615
Israel 2022,Israel,7,hadash_taal,X,3.414817856546266,3.751199960039809,-0.336382103493543
Israel 2022,Israel,7,raam,X,3.41356211348616,4.072560487010629,-0.6589983735244695
Israel 2022,Israel,7,balad,X,1.6838177661609173,2.909223626378931,-1.2254058602180136
Israel 2022,Israel,7,yesh_atid,L,18.966103468048015,17.785538020736485,1.1805654473115297
Israel 2022,Israel,7,national_unity,L,9.310535298155662,9.076713912316764,0.23382138583889756
Israel 2022,Israel,7,labor,L,4.105510311878444,3.693631260622296,0.41187905125614765
Israel 2022,Israel,7,yb,L,4.732319080994872,4.48475489333945,0.24756418765542154
Israel 2022,Israel,7,meretz,L,3.9766430022549546,3.164767368306616,0.8118756339483384
Israel 2022,Israel,14,likud,R,24.465013892105297,23.408108980507237,1.0569049115980604
Israel 2022,Israel,14,rzp,R,10.23871264730677,10.8394116617437,-0.6006990144369304
Israel 2022,Israel,14,jewish_home,R,1.9599957835774038,1.1915650417168442,0.7684307418605596
Israel 2022,Israel,14,shas,R,6.570439638127706,8.24733007579424,-1.6768904376665343
Israel 2022,Israel,14,utj,R,5.685650492929625,5.880570238640413,-0.19491974571078785
Israel 2022,Israel,14,hadash_taal,X,3.411674325977793,3.751199960039809,-0.3395256340620163
Israel 2022,Israel,14,raam,X,3.3980117635742477,4.072560487010629,-0.6745487234363816
Israel 2022,Israel,14,balad,X,1.3895557303101507,2.909223626378931,-1.5196678960687802
Israel 2022,Israel,14,yesh_atid,L,19.026695384365677,17.785538020736485,1.241157363629192
Israel 2022,Israel,14,national_unity,L,9.203763251727409,9.076713912316764,0.1270493394106449
Israel 2022,Israel,14,labor,L,4.3366709207717244,3.693631260622296,0.6430396601494284
Israel 2022,Israel,14,yb,L,4.901687173835796,4.48475489333945,0.41693228049634623
Israel 2022,Israel,14,meretz,L,3.9024978598198876,3.164767368306616,0.7377304915132714
Israel 2022,Israel,21,likud,R,24.576692759494463,23.408108980507237,1.1685837789872267
Israel 2022,Israel,21,rzp,R,10.267471822808814,10.8394116617437,-0.5719398389348864
Israel 2022,Israel,21,jewish_home,R,2.0515139195848007,1.1915650417168442,0.8599488778679565
Israel 2022,Israel,21,shas,R,6.5623418488114895,8.24733007579424,-1.6849882269827505
Israel 2022,Israel,21,utj,R,5.6818735732342756,5.880570238640413,-0.19869666540613729
Israel 2022,Israel,21,hadash_taal,X,3.4092029243264856,3.751199960039809,-0.3419970357133235
Israel 2022,Israel,21,raam,X,3.3744194353711645,4.072560487010629,-0.6981410516394648
Israel 2022,Israel,21,balad,X,1.3768438623718713,2.909223626378931,-1.5323797640070596
Israel 2022,Israel,21,yesh_atid,L,18.633515328853637,17.785538020736485,0.8479773081171516
Israel 2022,Israel,21,national_unity,L,9.180930697978186,9.076713912316764,0.10421678566142134
Israel 2022,Israel,21,labor,L,4.419556663407611,3.693631260622296,0.7259254027853146
Israel 2022,Israel,21,yb,L,4.718392441815628,4.48475489333945,0.23363754847617813
Israel 2022,Israel,21,meretz,L,4.239534651776745,3.164767368306616,1.0747672834701292
Israel 2022,Israel,28,likud,R,24.65446450061339,23.408108980507237,1.2463555201061531
Israel 2022,Israel,28,rzp,R,9.892712226997018,10.8394116617437,-0.946699434746682
Israel 2022,Israel,28,jewish_home,R,2.17102046330923,1.1915650417168442,0.9794554215923859
Israel 2022,Israel,28,shas,R,6.54270786785911,8.24733007579424,-1.70462220793513
Israel 2022,Israel,28,utj,R,5.669268575018991,5.880570238640413,-0.21130166362142155
Israel 2022,Israel,28,hadash_taal,X,3.40142056573365,3.751199960039809,-0.3497793943061591
Israel 2022,Israel,28,raam,X,3.4046207540206828,4.072560487010629,-0.6679397329899466
Israel 2022,Israel,28,balad,X,1.4708617271858828,2.909223626378931,-1.438361899193048
Israel 2022,Israel,28,yesh_atid,L,18.690446704338083,17.785538020736485,0.9049086836015974
Israel 2022,Israel,28,national_unity,L,9.434203012536209,9.076713912316764,0.35748910021944447
Israel 2022,Israel,28,labor,L,4.307272299313211,3.693631260622296,0.6136410386909148
Israel 2022,Israel,28,yb,L,4.684770462460536,4.48475489333945,0.20001556912108587
Israel 2022,Israel,28,meretz,L,4.174264172072831,3.164767368306616,1.0094968037662144
