country,election,party,votes,pct,seats,seats_total
Germany,2013,union,18165446.0,41.550000000000004,311,631
Germany,2013,spd,11252215.0,25.73,193,631
Germany,2013,linke,3755699.0,8.59,64,631
Germany,2013,gruene,3694057.0,8.45,63,631
Germany,2013,fdp,2083533.0,4.76,0,631
Germany,2013,afd,2056985.0,4.7,0,631
Germany,2013,piraten,959177.0,2.19,0,631
Germany,2013,fw,423977.0,0.97,0,631
Germany,2017,union,15317344.0,32.93,246,709
Germany,2017,spd,9539381.0,20.51,153,709
Germany,2017,afd,5878115.0,12.64,94,709
Germany,2017,fdp,4999449.0,10.75,80,709
Germany,2017,linke,4297270.0,9.24,69,709
Germany,2017,gruene,4158400.0,8.94,67,709
Germany,2017,fw,463292.0,1.0,0,709
Germany,2017,piraten,173476.0,0.37,0,709
Germany,2021,spd,11901556.0,25.71,206,736
Germany,2021,union,11177746.0,24.14,197,736
Germany,2021,gruene,6814401.0,14.72,118,736
Germany,2021,fdp,5291010.0,11.43,91,736
Germany,2021,afd,4809228.0,10.39,83,736
Germany,2021,linke,2255860.0,4.87,39,736
Germany,2021,fw,1125666.0,2.43,0,736
Germany,2021,piraten,169591.0,0.37,0,736
Germany,2025,union,14160402.0,28.52,208,629
Germany,2025,afd,10328780.0,20.8,152,629
Germany,2025,spd,8149124.0,16.41,120,629
Germany,2025,gruene,5762380.0,11.61,85,629
Germany,2025,linke,4356532.0,8.77,64,629
Germany,2025,bsw,2472947.0,4.98,0,629
Germany,2025,fdp,2148757.0,4.33,0,629
Germany,2025,fw,769279.0,1.55,0,629
Germany,2025,piraten,13800.0,0.03,0,629
Netherlands,2017,vvd,2238351.0,21.29,33,150
Netherlands,2017,pvv,1372941.0,13.06,20,150
Netherlands,2017,cda,1301796.0,12.38,19,150
Netherlands,2017,d66,1285819.0,12.23,19,150
Netherlands,2017,gl,959600.0,9.13,14,150
Netherlands,2017,sp,955633.0,9.09,14,150
Netherlands,2017,pvda,599699.0,5.7,9,150
Netherlands,2017,cu,356271.0,3.39,5,150
Netherlands,2017,pvdd,335214.0,3.19,5,150
Netherlands,2017,plus50,327131.0,3.11,4,150
Netherlands,2017,sgp,218950.0,2.08,3,150
Netherlands,2017,denk,216147.0,2.06,3,150
Netherlands,2017,fvd,187162.0,1.78,2,150
Netherlands,2021,vvd,2279130.0,21.87,34,150
Netherlands,2021,d66,1565861.0,15.02,24,150
Netherlands,2021,pvv,1124482.0,10.79,17,150
Netherlands,2021,cda,990601.0,9.5,15,150
Netherlands,2021,sp,623371.0,5.98,9,150
Netherlands,2021,pvda,597192.0,5.73,9,150
Netherlands,2021,gl,537308.0,5.16,8,150
Netherlands,2021,fvd,523083.0,5.02,8,150
Netherlands,2021,pvdd,399750.0,3.84,6,150
Netherlands,2021,cu,351275.0,3.37,5,150
Netherlands,2021,volt,252480.0,2.42,3,150
Netherlands,2021,ja21,246620.0,2.37,3,150
Netherlands,2021,sgp,215249.0,2.07,3,150
Netherlands,2021,denk,211237.0,2.03,3,150
Netherlands,2021,plus50,106702.0,1.02,1,150
Netherlands,2021,bbb,104319.0,1.0,1,150
Netherlands,2021,bij1,87238.0,0.84,1,150
Netherlands,2023,pvv,2450878.0,23.49,37,150
Netherlands,2023,glpvda,1643073.0,15.75,25,150
Netherlands,2023,vvd,1589519.0,15.24,24,150
Netherlands,2023,nsc,1343287.0,12.88,20,150
Netherlands,2023,d66,656292.0,6.29,9,150
Netherlands,2023,bbb,485551.0,4.65,7,150
Netherlands,2023,cda,345822.0,3.31,5,150
Netherlands,2023,sp,328225.0,3.15,5,150
Netherlands,2023,denk,246765.0,2.37,3,150
Netherlands,2023,pvdd,235148.0,2.25,3,150
Netherlands,2023,fvd,232963.0,2.23,3,150
Netherlands,2023,sgp,217270.0,2.08,3,150
Netherlands,2023,cu,212532.0,2.04,3,150
Netherlands,2023,volt,178802.0,1.71,2,150
Netherlands,2023,ja21,71345.0,0.68,1,150
Netherlands,2023,plus50,51043.0,0.49,0,150
Netherlands,2023,bij1,44253.0,0.42,0,150
Netherlands,2025,d66,1790634.0,16.94,26,150
Netherlands,2025,pvv,1760966.0,16.66,26,150
Netherlands,2025,vvd,1505829.0,14.24,22,150
Netherlands,2025,glpvda,1352163.0,12.79,20,150
Netherlands,2025,cda,1246874.0,11.79,18,150
Netherlands,2025,ja21,628517.0,5.95,9,150
Netherlands,2025,fvd,480393.0,4.54,7,150
Netherlands,2025,bbb,279916.0,2.65,4,150
Netherlands,2025,denk,250368.0,2.37,3,150
Netherlands,2025,sgp,238093.0,2.25,3,150
Netherlands,2025,pvdd,219371.0,2.08,3,150
Netherlands,2025,cu,201361.0,1.9,3,150
Netherlands,2025,sp,199585.0,1.89,3,150
Netherlands,2025,plus50,151053.0,1.43,2,150
Netherlands,2025,volt,116468.0,1.1,1,150
Netherlands,2025,bij1,40360.0,0.38,0,150
Netherlands,2025,nsc,39408.0,0.37,0,150
Sweden,2014,s,1932711.0,31.01,113,349
Sweden,2014,m,1453517.0,23.33,84,349
Sweden,2014,sd,801178.0,12.86,49,349
Sweden,2014,mp,429275.0,6.89,25,349
Sweden,2014,c,380937.0,6.11,22,349
Sweden,2014,v,356331.0,5.72,21,349
Sweden,2014,l,337773.0,5.42,19,349
Sweden,2014,kd,284806.0,4.57,16,349
Sweden,2014,fi,194719.0,3.12,0,349
Sweden,2018,s,1830386.0,28.26,100,349
Sweden,2018,m,1284698.0,19.84,70,349
Sweden,2018,sd,1135627.0,17.53,62,349
Sweden,2018,c,557500.0,8.61,31,349
Sweden,2018,v,518454.0,8.0,28,349
Sweden,2018,kd,409478.0,6.32,22,349
Sweden,2018,l,355546.0,5.49,20,349
Sweden,2018,mp,285899.0,4.41,16,349
Sweden,2018,fi,29665.0,0.46,0,349
Sweden,2022,s,1964474.0,30.33,107,349
Sweden,2022,sd,1330325.0,20.54,73,349
Sweden,2022,m,1237428.0,19.1,68,349
Sweden,2022,v,437050.0,6.75,24,349
Sweden,2022,c,434945.0,6.71,24,349
Sweden,2022,kd,345712.0,5.34,19,349
Sweden,2022,mp,329242.0,5.08,18,349
Sweden,2022,l,298542.0,4.61,16,349
Sweden,2022,fi,3157.0,0.05,0,349
Denmark,2015,a,924940.0,26.28,47,175
Denmark,2015,o,741746.0,21.08,37,175
Denmark,2015,v,685188.0,19.47,34,175
Denmark,2015,oe,274463.0,7.8,14,175
Denmark,2015,i,265129.0,7.53,13,175
Denmark,2015,aa,168788.0,4.8,9,175
Denmark,2015,b,161009.0,4.58,8,175
Denmark,2015,f,147578.0,4.19,7,175
Denmark,2015,c,118003.0,3.35,6,175
Denmark,2015,k,29077.0,0.83,0,175
Denmark,2019,a,914882.0,25.9,48,175
Denmark,2019,v,826161.0,23.39,43,175
Denmark,2019,o,308513.0,8.74,16,175
Denmark,2019,b,304714.0,8.63,16,175
Denmark,2019,f,272304.0,7.71,14,175
Denmark,2019,oe,245100.0,6.94,13,175
Denmark,2019,c,233865.0,6.62,12,175
Denmark,2019,aa,104278.0,2.95,5,175
Denmark,2019,d,83201.0,2.36,4,175
Denmark,2019,i,82270.0,2.33,4,175
Denmark,2019,p,63114.0,1.79,0,175
Denmark,2019,k,60944.0,1.73,0,175
Denmark,2019,e,29600.0,0.84,0,175
Denmark,2022,a,971995.0,27.5,50,175
Denmark,2022,v,470546.0,13.32,23,175
Denmark,2022,m,327699.0,9.27,16,175
Denmark,2022,f,293186.0,8.3,15,175
Denmark,2022,ae,286796.0,8.12,14,175
Denmark,2022,i,278656.0,7.89,14,175
Denmark,2022,c,194820.0,5.51,10,175
Denmark,2022,oe,181452.0,5.13,9,175
Denmark,2022,b,133931.0,3.79,7,175
Denmark,2022,d,129524.0,3.67,6,175
Denmark,2022,aa,117567.0,3.33,6,175
Denmark,2022,o,93428.0,2.64,5,175
Denmark,2022,q,31787.0,0.9,0,175
Denmark,2022,k,18276.0,0.52,0,175
New Zealand,2017,nat,1152075.0,44.45,56,120
New Zealand,2017,lab,956184.0,36.89,46,120
New Zealand,2017,nzf,186706.0,7.2,9,120
New Zealand,2017,grn,162443.0,6.27,8,120
New Zealand,2017,act,13075.0,0.5,1,120
New Zealand,2017,top,63261.0,2.44,0,120
New Zealand,2017,mri,30580.0,1.18,0,120
New Zealand,2017,con,6253.0,0.24,0,120
New Zealand,2020,lab,1443545.0,50.01,65,120
New Zealand,2020,nat,738275.0,25.58,33,120
New Zealand,2020,grn,226757.0,7.86,10,120
New Zealand,2020,act,219031.0,7.59,10,120
New Zealand,2020,nzf,75020.0,2.6,0,120
New Zealand,2020,top,43449.0,1.51,0,120
New Zealand,2020,con,42613.0,1.48,0,120
New Zealand,2020,mri,33630.0,1.17,2,120
New Zealand,2023,nat,1085851.0,38.08,48,123
New Zealand,2023,lab,767540.0,26.92,34,123
New Zealand,2023,grn,330907.0,11.61,15,123
New Zealand,2023,act,246473.0,8.64,11,123
New Zealand,2023,nzf,173553.0,6.09,8,123
New Zealand,2023,mri,87844.0,3.08,6,123
New Zealand,2023,top,63344.0,2.22,0,123
New Zealand,2023,con,4532.0,0.16,0,123
