date,pollster,n,party,share,poll_id
2026-10-05,Midgam (Ch12),501.0,likud,16.466269841269842,0
2026-10-05,Midgam (Ch12),501.0,yashar,17.998015873015873,0
2026-10-05,Midgam (Ch12),501.0,together,10.339285714285714,0
2026-10-05,Midgam (Ch12),501.0,dems,7.27579365079365,0
2026-10-05,Midgam (Ch12),501.0,yb,7.27579365079365,0
2026-10-05,Midgam (Ch12),501.0,joint_list,6.509920634920634,0
2026-10-05,Midgam (Ch12),501.0,otzma,5.744047619047619,0
2026-10-05,Midgam (Ch12),501.0,shas,5.744047619047619,0
2026-10-05,Midgam (Ch12),501.0,utj,6.509920634920634,0
2026-10-05,Midgam (Ch12),501.0,rzp,4.978174603174603,0
2026-10-05,Midgam (Ch12),501.0,raam,4.212301587301587,0
2026-10-05,Midgam (Ch12),501.0,amcha,1.5,0
2026-10-05,Midgam (Ch12),501.0,blue_white,0.5,0
2026-10-05,Midgam (Ch12),501.0,reservists,3.446428571428571,0
2026-10-01,Lazar,602.0,likud,15.07588932806324,1
2026-10-01,Lazar,602.0,yashar,16.622134387351778,1
2026-10-01,Lazar,602.0,together,10.437154150197628,1
2026-10-01,Lazar,602.0,dems,8.117786561264822,1
2026-10-01,Lazar,602.0,yb,7.344664031620553,1
2026-10-01,Lazar,602.0,joint_list,5.798418972332016,1
2026-10-01,Lazar,602.0,otzma,7.344664031620553,1
2026-10-01,Lazar,602.0,shas,5.798418972332016,1
2026-10-01,Lazar,602.0,utj,5.798418972332016,1
2026-10-01,Lazar,602.0,rzp,4.252173913043478,1
2026-10-01,Lazar,602.0,raam,4.252173913043478,1
2026-10-01,Lazar,602.0,amcha,3.47905138339921,1
2026-10-01,Lazar,602.0,blue_white,0.7,1
2026-10-01,Lazar,602.0,reservists,3.47905138339921,1
2026-10-01,Direct Polls,504.0,likud,21.87035714285714,2
2026-10-01,Direct Polls,504.0,yashar,17.26607142857143,2
2026-10-01,Direct Polls,504.0,together,7.290119047619047,2
2026-10-01,Direct Polls,504.0,dems,7.290119047619047,2
2026-10-01,Direct Polls,504.0,yb,5.755357142857142,2
2026-10-01,Direct Polls,504.0,joint_list,6.522738095238095,2
2026-10-01,Direct Polls,504.0,otzma,6.522738095238095,2
2026-10-01,Direct Polls,504.0,shas,5.755357142857142,2
2026-10-01,Direct Polls,504.0,utj,6.522738095238095,2
2026-10-01,Direct Polls,504.0,rzp,4.220595238095238,2
2026-10-01,Direct Polls,504.0,raam,4.220595238095238,2
2026-10-01,Direct Polls,504.0,amcha,3.4532142857142856,2
2026-10-01,Direct Polls,504.0,reservists,1.81,2
2026-09-30,Midgam Project (Ch13),1013.0,likud,14.717857142857142,3
2026-09-30,Midgam Project (Ch13),1013.0,yashar,16.22738095238095,3
2026-09-30,Midgam Project (Ch13),1013.0,together,8.679761904761904,3
2026-09-30,Midgam Project (Ch13),1013.0,dems,8.679761904761904,3
2026-09-30,Midgam Project (Ch13),1013.0,yb,7.170238095238094,3
2026-09-30,Midgam Project (Ch13),1013.0,joint_list,7.170238095238094,3
2026-09-30,Midgam Project (Ch13),1013.0,otzma,6.4154761904761894,3
2026-09-30,Midgam Project (Ch13),1013.0,shas,5.660714285714285,3
2026-09-30,Midgam Project (Ch13),1013.0,utj,6.4154761904761894,3
2026-09-30,Midgam Project (Ch13),1013.0,rzp,5.660714285714285,3
2026-09-30,Midgam Project (Ch13),1013.0,raam,4.151190476190476,3
2026-09-30,Midgam Project (Ch13),1013.0,amcha,4.151190476190476,3
2026-09-30,Midgam Project (Ch13),1013.0,blue_white,0.9,3
2026-09-30,Midgam Project (Ch13),1013.0,reservists,2.5,3
2026-09-27,Kantar,552.0,likud,16.741106719367586,4
2026-09-27,Kantar,552.0,yashar,18.298418972332016,4
2026-09-27,Kantar,552.0,together,8.954545454545455,4
2026-09-27,Kantar,552.0,dems,7.397233201581027,4
2026-09-27,Kantar,552.0,yb,7.397233201581027,4
2026-09-27,Kantar,552.0,joint_list,5.839920948616601,4
2026-09-27,Kantar,552.0,otzma,5.839920948616601,4
2026-09-27,Kantar,552.0,shas,5.839920948616601,4
2026-09-27,Kantar,552.0,utj,5.839920948616601,4
2026-09-27,Kantar,552.0,rzp,5.061264822134388,4
2026-09-27,Kantar,552.0,raam,4.282608695652174,4
2026-09-27,Kantar,552.0,amcha,3.503952569169961,4
2026-09-27,Kantar,552.0,reservists,3.503952569169961,4
2026-09-24,Lazar,610.0,likud,14.215019762845849,5
2026-09-24,Lazar,610.0,yashar,17.288537549407113,5
2026-09-24,Lazar,610.0,together,10.373122529644268,5
2026-09-24,Lazar,610.0,dems,8.836363636363638,5
2026-09-24,Lazar,610.0,yb,7.2996047430830036,5
2026-09-24,Lazar,610.0,joint_list,5.762845849802371,5
2026-09-24,Lazar,610.0,otzma,7.2996047430830036,5
2026-09-24,Lazar,610.0,shas,4.994466403162056,5
2026-09-24,Lazar,610.0,utj,4.994466403162056,5
2026-09-24,Lazar,610.0,rzp,4.994466403162056,5
2026-09-24,Lazar,610.0,raam,4.226086956521739,5
2026-09-24,Lazar,610.0,amcha,3.4577075098814234,5
2026-09-24,Lazar,610.0,blue_white,1.3,5
2026-09-24,Lazar,610.0,reservists,3.4577075098814234,5
2026-09-24,Direct Polls,537.0,likud,21.148809523809526,6
2026-09-24,Direct Polls,537.0,yashar,17.30357142857143,6
2026-09-24,Direct Polls,537.0,together,7.305952380952381,6
2026-09-24,Direct Polls,537.0,dems,7.305952380952381,6
2026-09-24,Direct Polls,537.0,yb,5.767857142857143,6
2026-09-24,Direct Polls,537.0,joint_list,5.767857142857143,6
2026-09-24,Direct Polls,537.0,otzma,6.536904761904762,6
2026-09-24,Direct Polls,537.0,shas,5.767857142857143,6
2026-09-24,Direct Polls,537.0,utj,6.536904761904762,6
2026-09-24,Direct Polls,537.0,rzp,4.998809523809524,6
2026-09-24,Direct Polls,537.0,raam,4.998809523809524,6
2026-09-24,Direct Polls,537.0,amcha,3.460714285714286,6
2026-09-24,Direct Polls,537.0,reservists,1.6,6
2026-09-23,Midgam Project (Ch13),1503.0,likud,14.405138339920947,7
2026-09-23,Midgam Project (Ch13),1503.0,yashar,17.5197628458498,7
2026-09-23,Midgam Project (Ch13),1503.0,together,8.954545454545455,7
2026-09-23,Midgam Project (Ch13),1503.0,dems,8.954545454545455,7
2026-09-23,Midgam Project (Ch13),1503.0,yb,6.618577075098814,7
2026-09-23,Midgam Project (Ch13),1503.0,joint_list,6.618577075098814,7
2026-09-23,Midgam Project (Ch13),1503.0,otzma,5.839920948616601,7
2026-09-23,Midgam Project (Ch13),1503.0,shas,5.839920948616601,7
2026-09-23,Midgam Project (Ch13),1503.0,utj,6.618577075098814,7
2026-09-23,Midgam Project (Ch13),1503.0,rzp,5.061264822134388,7
2026-09-23,Midgam Project (Ch13),1503.0,raam,4.282608695652174,7
2026-09-23,Midgam Project (Ch13),1503.0,amcha,4.282608695652174,7
2026-09-23,Midgam Project (Ch13),1503.0,reservists,3.503952569169961,7
2026-09-22,Midgam (Ch12),501.0,likud,15.84901185770751,8
2026-09-22,Midgam (Ch12),501.0,yashar,18.168379446640316,8
2026-09-22,Midgam (Ch12),501.0,together,10.437154150197628,8
2026-09-22,Midgam (Ch12),501.0,dems,7.344664031620553,8
2026-09-22,Midgam (Ch12),501.0,yb,7.344664031620553,8
2026-09-22,Midgam (Ch12),501.0,joint_list,5.798418972332016,8
2026-09-22,Midgam (Ch12),501.0,otzma,5.025296442687747,8
2026-09-22,Midgam (Ch12),501.0,shas,5.798418972332016,8
2026-09-22,Midgam (Ch12),501.0,utj,6.571541501976284,8
2026-09-22,Midgam (Ch12),501.0,rzp,4.252173913043478,8
2026-09-22,Midgam (Ch12),501.0,raam,4.252173913043478,8
2026-09-22,Midgam (Ch12),501.0,amcha,3.47905138339921,8
2026-09-22,Midgam (Ch12),501.0,blue_white,0.7,8
2026-09-22,Midgam (Ch12),501.0,reservists,3.47905138339921,8
2026-09-17,Yossi Tatika,500.0,likud,16.363636363636363,9
2026-09-17,Yossi Tatika,500.0,yashar,17.818181818181817,9
2026-09-17,Yossi Tatika,500.0,together,10.545454545454545,9
2026-09-17,Yossi Tatika,500.0,dems,6.181818181818182,9
2026-09-17,Yossi Tatika,500.0,yb,6.909090909090909,9
2026-09-17,Yossi Tatika,500.0,joint_list,6.181818181818182,9
2026-09-17,Yossi Tatika,500.0,otzma,5.454545454545455,9
2026-09-17,Yossi Tatika,500.0,shas,6.909090909090909,9
2026-09-17,Yossi Tatika,500.0,utj,6.909090909090909,9
2026-09-17,Yossi Tatika,500.0,rzp,3.3,9
2026-09-17,Yossi Tatika,500.0,raam,4.7272727272727275,9
2026-09-17,Yossi Tatika,500.0,amcha,3.0,9
2026-09-17,Yossi Tatika,500.0,blue_white,2.0,9
2026-09-17,Yossi Tatika,500.0,reservists,2.2,9
2026-09-17,Channel 14 (Filber),817.0,likud,23.41792828685259,10
2026-09-17,Channel 14 (Filber),817.0,yashar,15.2402390438247,10
2026-09-17,Channel 14 (Filber),817.0,together,7.062549800796813,10
2026-09-17,Channel 14 (Filber),817.0,dems,6.319123505976095,10
2026-09-17,Channel 14 (Filber),817.0,yb,5.575697211155378,10
2026-09-17,Channel 14 (Filber),817.0,joint_list,5.575697211155378,10
2026-09-17,Channel 14 (Filber),817.0,otzma,6.319123505976095,10
2026-09-17,Channel 14 (Filber),817.0,shas,7.805976095617529,10
2026-09-17,Channel 14 (Filber),817.0,utj,6.319123505976095,10
2026-09-17,Channel 14 (Filber),817.0,rzp,5.575697211155378,10
2026-09-17,Channel 14 (Filber),817.0,raam,4.088844621513944,10
2026-09-17,Channel 14 (Filber),817.0,amcha,2.6,10
2026-09-17,Channel 14 (Filber),817.0,blue_white,0.4,10
2026-09-17,Channel 14 (Filber),817.0,reservists,2.2,10
2026-09-17,Lazar,600.0,likud,14.244268774703556,11
2026-09-17,Lazar,600.0,yashar,18.09407114624506,11
2026-09-17,Lazar,600.0,together,10.394466403162056,11
2026-09-17,Lazar,600.0,dems,7.314624505928854,11
2026-09-17,Lazar,600.0,yb,7.314624505928854,11
2026-09-17,Lazar,600.0,joint_list,5.774703557312253,11
2026-09-17,Lazar,600.0,otzma,6.544664031620554,11
2026-09-17,Lazar,600.0,shas,5.774703557312253,11
2026-09-17,Lazar,600.0,utj,5.774703557312253,11
2026-09-17,Lazar,600.0,rzp,5.004743083003953,11
2026-09-17,Lazar,600.0,raam,4.234782608695652,11
2026-09-17,Lazar,600.0,amcha,3.464822134387352,11
2026-09-17,Lazar,600.0,blue_white,1.1,11
2026-09-17,Lazar,600.0,reservists,3.464822134387352,11
2026-09-17,Kantar,551.0,likud,15.76798418972332,12
2026-09-17,Kantar,551.0,yashar,17.306324110671937,12
2026-09-17,Kantar,551.0,together,10.383794466403161,12
2026-09-17,Kantar,551.0,dems,7.307114624505928,12
2026-09-17,Kantar,551.0,yb,6.53794466403162,12
2026-09-17,Kantar,551.0,joint_list,5.768774703557312,12
2026-09-17,Kantar,551.0,otzma,6.53794466403162,12
2026-09-17,Kantar,551.0,shas,5.768774703557312,12
2026-09-17,Kantar,551.0,utj,5.768774703557312,12
2026-09-17,Kantar,551.0,rzp,4.999604743083004,12
2026-09-17,Kantar,551.0,raam,4.230434782608695,12
2026-09-17,Kantar,551.0,amcha,3.4612648221343876,12
2026-09-17,Kantar,551.0,blue_white,1.2,12
2026-09-17,Kantar,551.0,reservists,3.4612648221343876,12
2026-09-17,Direct Polls,519.0,likud,21.017857142857142,13
2026-09-17,Direct Polls,519.0,yashar,16.432142857142857,13
2026-09-17,Direct Polls,519.0,together,7.260714285714285,13
2026-09-17,Direct Polls,519.0,dems,8.024999999999999,13
2026-09-17,Direct Polls,519.0,yb,6.496428571428571,13
2026-09-17,Direct Polls,519.0,joint_list,5.732142857142857,13
2026-09-17,Direct Polls,519.0,otzma,5.732142857142857,13
2026-09-17,Direct Polls,519.0,shas,5.732142857142857,13
2026-09-17,Direct Polls,519.0,utj,6.496428571428571,13
2026-09-17,Direct Polls,519.0,rzp,4.9678571428571425,13
2026-09-17,Direct Polls,519.0,raam,4.203571428571428,13
2026-09-17,Direct Polls,519.0,amcha,4.203571428571428,13
2026-09-17,Direct Polls,519.0,reservists,2.2,13
2026-09-15,Channel 14 (Filber),483.0,likud,22.77171314741036,14
2026-09-15,Channel 14 (Filber),483.0,yashar,16.05219123505976,14
2026-09-15,Channel 14 (Filber),483.0,together,6.346215139442231,14
2026-09-15,Channel 14 (Filber),483.0,dems,7.092828685258964,14
2026-09-15,Channel 14 (Filber),483.0,yb,4.852988047808766,14
2026-09-15,Channel 14 (Filber),483.0,joint_list,5.599601593625499,14
2026-09-15,Channel 14 (Filber),483.0,otzma,6.346215139442231,14
2026-09-15,Channel 14 (Filber),483.0,shas,7.839442231075697,14
2026-09-15,Channel 14 (Filber),483.0,utj,6.346215139442231,14
2026-09-15,Channel 14 (Filber),483.0,rzp,6.346215139442231,14
2026-09-15,Channel 14 (Filber),483.0,raam,4.106374501992033,14
2026-09-15,Channel 14 (Filber),483.0,amcha,2.3,14
2026-09-15,Channel 14 (Filber),483.0,blue_white,0.4,14
2026-09-15,Channel 14 (Filber),483.0,reservists,2.1,14
2026-09-15,Midgam Project (Ch13),886.0,likud,13.88968253968254,15
2026-09-15,Midgam Project (Ch13),886.0,yashar,16.892857142857142,15
2026-09-15,Midgam Project (Ch13),886.0,together,9.384920634920634,15
2026-09-15,Midgam Project (Ch13),886.0,dems,7.883333333333333,15
2026-09-15,Midgam Project (Ch13),886.0,yb,6.381746031746031,15
2026-09-15,Midgam Project (Ch13),886.0,joint_list,6.381746031746031,15
2026-09-15,Midgam Project (Ch13),886.0,otzma,6.381746031746031,15
2026-09-15,Midgam Project (Ch13),886.0,shas,5.6309523809523805,15
2026-09-15,Midgam Project (Ch13),886.0,utj,5.6309523809523805,15
2026-09-15,Midgam Project (Ch13),886.0,rzp,6.381746031746031,15
2026-09-15,Midgam Project (Ch13),886.0,raam,4.88015873015873,15
2026-09-15,Midgam Project (Ch13),886.0,amcha,4.88015873015873,15
2026-09-15,Midgam Project (Ch13),886.0,blue_white,0.8,15
2026-09-15,Midgam Project (Ch13),886.0,reservists,3.1,15
2026-09-14,Midgam (Ch12),,likud,15.881422924901187,16
2026-09-14,Midgam (Ch12),,yashar,18.205533596837945,16
2026-09-14,Midgam (Ch12),,together,10.458498023715414,16
2026-09-14,Midgam (Ch12),,dems,8.134387351778656,16
2026-09-14,Midgam (Ch12),,yb,6.58498023715415,16
2026-09-14,Midgam (Ch12),,joint_list,6.58498023715415,16
2026-09-14,Midgam (Ch12),,otzma,5.0355731225296445,16
2026-09-14,Midgam (Ch12),,shas,5.810276679841897,16
2026-09-14,Midgam (Ch12),,utj,6.58498023715415,16
2026-09-14,Midgam (Ch12),,rzp,4.260869565217392,16
2026-09-14,Midgam (Ch12),,raam,3.4861660079051386,16
2026-09-14,Midgam (Ch12),,amcha,3.4861660079051386,16
2026-09-14,Midgam (Ch12),,blue_white,0.5,16
2026-09-14,Midgam (Ch12),,reservists,3.4861660079051386,16
2026-09-14,Kantar,,likud,15.962450592885377,17
2026-09-14,Kantar,,yashar,19.077075098814227,17
2026-09-14,Kantar,,together,9.733201581027668,17
2026-09-14,Kantar,,dems,6.618577075098814,17
2026-09-14,Kantar,,yb,6.618577075098814,17
2026-09-14,Kantar,,joint_list,5.839920948616601,17
2026-09-14,Kantar,,otzma,6.618577075098814,17
2026-09-14,Kantar,,shas,5.839920948616601,17
2026-09-14,Kantar,,utj,5.839920948616601,17
2026-09-14,Kantar,,rzp,5.061264822134388,17
2026-09-14,Kantar,,raam,4.282608695652174,17
2026-09-14,Kantar,,amcha,3.503952569169961,17
2026-09-14,Kantar,,reservists,3.503952569169961,17
2026-09-10,Yossi Tatika,500.0,likud,17.129752066115703,18
2026-09-10,Yossi Tatika,500.0,yashar,17.129752066115703,18
2026-09-10,Yossi Tatika,500.0,together,11.298347107438016,18
2026-09-10,Yossi Tatika,500.0,dems,6.195867768595042,18
2026-09-10,Yossi Tatika,500.0,yb,7.6537190082644635,18
2026-09-10,Yossi Tatika,500.0,joint_list,5.466942148760331,18
2026-09-10,Yossi Tatika,500.0,otzma,4.73801652892562,18
2026-09-10,Yossi Tatika,500.0,shas,7.6537190082644635,18
2026-09-10,Yossi Tatika,500.0,utj,6.924793388429753,18
2026-09-10,Yossi Tatika,500.0,rzp,3.3,18
2026-09-10,Yossi Tatika,500.0,raam,4.00909090909091,18
2026-09-10,Yossi Tatika,500.0,amcha,2.8,18
2026-09-10,Yossi Tatika,500.0,blue_white,1.4,18
2026-09-10,Yossi Tatika,500.0,reservists,2.8,18
2026-09-10,Lazar,601.0,likud,15.073809523809524,19
2026-09-10,Lazar,601.0,yashar,19.711904761904762,19
2026-09-10,Lazar,601.0,together,11.208730158730159,19
2026-09-10,Lazar,601.0,dems,8.116666666666667,19
2026-09-10,Lazar,601.0,yb,7.343650793650793,19
2026-09-10,Lazar,601.0,joint_list,5.7976190476190474,19
2026-09-10,Lazar,601.0,otzma,6.57063492063492,19
2026-09-10,Lazar,601.0,shas,5.7976190476190474,19
2026-09-10,Lazar,601.0,utj,5.7976190476190474,19
2026-09-10,Lazar,601.0,rzp,4.251587301587302,19
2026-09-10,Lazar,601.0,raam,4.251587301587302,19
2026-09-10,Lazar,601.0,amcha,3.4785714285714286,19
2026-09-10,Lazar,601.0,blue_white,1.1,19
2026-09-10,Lazar,601.0,likud,14.609523809523811,20
2026-09-10,Lazar,601.0,yashar,19.104761904761904,20
2026-09-10,Lazar,601.0,together,10.863492063492064,20
2026-09-10,Lazar,601.0,dems,7.866666666666667,20
2026-09-10,Lazar,601.0,yb,7.117460317460318,20
2026-09-10,Lazar,601.0,joint_list,5.6190476190476195,20
2026-09-10,Lazar,601.0,otzma,6.368253968253969,20
2026-09-10,Lazar,601.0,shas,5.6190476190476195,20
2026-09-10,Lazar,601.0,utj,5.6190476190476195,20
2026-09-10,Lazar,601.0,rzp,4.120634920634921,20
2026-09-10,Lazar,601.0,raam,4.120634920634921,20
2026-09-10,Lazar,601.0,amcha,3.3714285714285714,20
2026-09-10,Lazar,601.0,blue_white,1.1,20
2026-09-10,Lazar,601.0,reservists,3.0,20
2026-09-09,Channel 14 (Filber),537.0,likud,23.79442231075697,21
2026-09-09,Channel 14 (Filber),537.0,yashar,16.99601593625498,21
2026-09-09,Channel 14 (Filber),537.0,together,5.665338645418327,21
2026-09-09,Channel 14 (Filber),537.0,dems,6.420717131474103,21
2026-09-09,Channel 14 (Filber),537.0,yb,5.665338645418327,21
2026-09-09,Channel 14 (Filber),537.0,joint_list,4.90996015936255,21
2026-09-09,Channel 14 (Filber),537.0,otzma,6.420717131474103,21
2026-09-09,Channel 14 (Filber),537.0,shas,7.931474103585657,21
2026-09-09,Channel 14 (Filber),537.0,utj,5.665338645418327,21
2026-09-09,Channel 14 (Filber),537.0,rzp,6.420717131474103,21
2026-09-09,Channel 14 (Filber),537.0,raam,4.90996015936255,21
2026-09-09,Channel 14 (Filber),537.0,amcha,2.1,21
2026-09-09,Channel 14 (Filber),537.0,blue_white,0.2,21
2026-09-09,Channel 14 (Filber),537.0,reservists,1.4,21
2026-09-09,Midgam (Ch12),504.0,likud,16.073809523809526,22
2026-09-09,Midgam (Ch12),504.0,yashar,19.064285714285717,22
2026-09-09,Midgam (Ch12),504.0,together,10.092857142857143,22
2026-09-09,Midgam (Ch12),504.0,dems,7.85,22
2026-09-09,Midgam (Ch12),504.0,yb,7.102380952380952,22
2026-09-09,Midgam (Ch12),504.0,joint_list,5.607142857142857,22
2026-09-09,Midgam (Ch12),504.0,otzma,4.859523809523809,22
2026-09-09,Midgam (Ch12),504.0,shas,5.607142857142857,22
2026-09-09,Midgam (Ch12),504.0,utj,6.354761904761904,22
2026-09-09,Midgam (Ch12),504.0,rzp,4.1119047619047615,22
2026-09-09,Midgam (Ch12),504.0,raam,3.3642857142857143,22
2026-09-09,Midgam (Ch12),504.0,amcha,4.1119047619047615,22
2026-09-09,Midgam (Ch12),504.0,blue_white,1.4,22
2026-09-09,Midgam (Ch12),504.0,reservists,2.9,22
2026-09-09,Midgam Project (Ch13),1119.0,likud,15.073809523809524,23
2026-09-09,Midgam Project (Ch13),1119.0,yashar,17.392857142857146,23
2026-09-09,Midgam Project (Ch13),1119.0,together,10.435714285714285,23
2026-09-09,Midgam Project (Ch13),1119.0,dems,8.116666666666667,23
2026-09-09,Midgam Project (Ch13),1119.0,yb,6.57063492063492,23
2026-09-09,Midgam Project (Ch13),1119.0,joint_list,6.57063492063492,23
2026-09-09,Midgam Project (Ch13),1119.0,otzma,7.343650793650793,23
2026-09-09,Midgam Project (Ch13),1119.0,shas,5.7976190476190474,23
2026-09-09,Midgam Project (Ch13),1119.0,utj,6.57063492063492,23
2026-09-09,Midgam Project (Ch13),1119.0,rzp,5.0246031746031745,23
2026-09-09,Midgam Project (Ch13),1119.0,raam,5.0246031746031745,23
2026-09-09,Midgam Project (Ch13),1119.0,amcha,3.4785714285714286,23
2026-09-09,Midgam Project (Ch13),1119.0,blue_white,1.1,23
2026-09-09,Maagar Mochot,,likud,15.537698412698413,24
2026-09-09,Maagar Mochot,,yashar,17.811507936507937,24
2026-09-09,Maagar Mochot,,together,12.505952380952381,24
2026-09-09,Maagar Mochot,,dems,7.200396825396825,24
2026-09-09,Maagar Mochot,,yb,5.684523809523809,24
2026-09-09,Maagar Mochot,,joint_list,5.684523809523809,24
2026-09-09,Maagar Mochot,,otzma,7.200396825396825,24
2026-09-09,Maagar Mochot,,shas,7.200396825396825,24
2026-09-09,Maagar Mochot,,utj,5.684523809523809,24
2026-09-09,Maagar Mochot,,rzp,3.4107142857142856,24
2026-09-09,Maagar Mochot,,raam,4.1686507936507935,24
2026-09-09,Maagar Mochot,,amcha,3.4107142857142856,24
2026-09-09,Maagar Mochot,,blue_white,1.0,24
2026-09-09,Maagar Mochot,,reservists,2.0,24
2026-09-09,Midgam Project (Ch13),1119.0,likud,14.57857142857143,25
2026-09-09,Midgam Project (Ch13),1119.0,yashar,16.821428571428573,25
2026-09-09,Midgam Project (Ch13),1119.0,together,10.092857142857143,25
2026-09-09,Midgam Project (Ch13),1119.0,dems,7.85,25
2026-09-09,Midgam Project (Ch13),1119.0,yb,6.354761904761904,25
2026-09-09,Midgam Project (Ch13),1119.0,joint_list,6.354761904761904,25
2026-09-09,Midgam Project (Ch13),1119.0,otzma,7.102380952380952,25
2026-09-09,Midgam Project (Ch13),1119.0,shas,5.607142857142857,25
2026-09-09,Midgam Project (Ch13),1119.0,utj,6.354761904761904,25
2026-09-09,Midgam Project (Ch13),1119.0,rzp,4.859523809523809,25
2026-09-09,Midgam Project (Ch13),1119.0,raam,4.859523809523809,25
2026-09-09,Midgam Project (Ch13),1119.0,amcha,3.3642857142857143,25
2026-09-09,Midgam Project (Ch13),1119.0,blue_white,1.1,25
2026-09-09,Midgam Project (Ch13),1119.0,reservists,3.2,25
2026-09-09,Lazar,506.0,likud,16.653968253968255,26
2026-09-09,Lazar,506.0,yashar,19.752380952380953,26
2026-09-09,Lazar,506.0,together,11.231746031746031,26
2026-09-09,Lazar,506.0,dems,7.3587301587301575,26
2026-09-09,Lazar,506.0,yb,7.3587301587301575,26
2026-09-09,Lazar,506.0,joint_list,5.809523809523808,26
2026-09-09,Lazar,506.0,otzma,5.809523809523808,26
2026-09-09,Lazar,506.0,shas,5.809523809523808,26
2026-09-09,Lazar,506.0,utj,5.809523809523808,26
2026-09-09,Lazar,506.0,rzp,4.260317460317459,26
2026-09-09,Lazar,506.0,raam,4.260317460317459,26
2026-09-09,Lazar,506.0,amcha,3.4857142857142853,26
2026-09-09,Lazar,506.0,blue_white,0.9,26
2026-09-09,Lazar,506.0,likud,16.176190476190477,27
2026-09-09,Lazar,506.0,yashar,19.185714285714287,27
2026-09-09,Lazar,506.0,together,10.909523809523808,27
2026-09-09,Lazar,506.0,dems,7.147619047619047,27
2026-09-09,Lazar,506.0,yb,7.147619047619047,27
2026-09-09,Lazar,506.0,joint_list,5.642857142857142,27
2026-09-09,Lazar,506.0,otzma,5.642857142857142,27
2026-09-09,Lazar,506.0,shas,5.642857142857142,27
2026-09-09,Lazar,506.0,utj,5.642857142857142,27
2026-09-09,Lazar,506.0,rzp,4.138095238095238,27
2026-09-09,Lazar,506.0,raam,4.138095238095238,27
2026-09-09,Lazar,506.0,amcha,3.3857142857142852,27
2026-09-09,Lazar,506.0,blue_white,0.9,27
2026-09-09,Lazar,506.0,reservists,2.8,27
2026-09-09,Kantar,554.0,likud,16.60513833992095,28
2026-09-09,Kantar,554.0,yashar,18.92213438735178,28
2026-09-09,Kantar,554.0,together,9.654150197628459,28
2026-09-09,Kantar,554.0,dems,7.3371541501976285,28
2026-09-09,Kantar,554.0,yb,5.792490118577075,28
2026-09-09,Kantar,554.0,joint_list,5.792490118577075,28
2026-09-09,Kantar,554.0,otzma,5.792490118577075,28
2026-09-09,Kantar,554.0,shas,5.792490118577075,28
2026-09-09,Kantar,554.0,utj,6.564822134387352,28
2026-09-09,Kantar,554.0,rzp,4.247826086956522,28
2026-09-09,Kantar,554.0,raam,4.247826086956522,28
2026-09-09,Kantar,554.0,amcha,3.4754940711462456,28
2026-09-09,Kantar,554.0,blue_white,0.8,28
2026-09-09,Kantar,554.0,reservists,3.4754940711462456,28
2026-09-09,Channel 14 (Filber),537.0,likud,24.14581673306773,29
2026-09-09,Channel 14 (Filber),537.0,yashar,17.247011952191237,29
2026-09-09,Channel 14 (Filber),537.0,together,5.749003984063745,29
2026-09-09,Channel 14 (Filber),537.0,dems,6.515537848605577,29
2026-09-09,Channel 14 (Filber),537.0,yb,5.749003984063745,29
2026-09-09,Channel 14 (Filber),537.0,joint_list,4.9824701195219125,29
2026-09-09,Channel 14 (Filber),537.0,otzma,6.515537848605577,29
2026-09-09,Channel 14 (Filber),537.0,shas,8.048605577689242,29
2026-09-09,Channel 14 (Filber),537.0,utj,5.749003984063745,29
2026-09-09,Channel 14 (Filber),537.0,rzp,6.515537848605577,29
2026-09-09,Channel 14 (Filber),537.0,raam,4.9824701195219125,29
2026-09-09,Channel 14 (Filber),537.0,amcha,2.1,29
2026-09-09,Channel 14 (Filber),537.0,blue_white,0.2,29
2026-09-09,Direct Polls,1054.0,likud,20.952380952380953,30
2026-09-09,Direct Polls,1054.0,yashar,17.142857142857142,30
2026-09-09,Direct Polls,1054.0,together,8.0,30
2026-09-09,Direct Polls,1054.0,dems,7.238095238095237,30
2026-09-09,Direct Polls,1054.0,yb,5.7142857142857135,30
2026-09-09,Direct Polls,1054.0,joint_list,5.7142857142857135,30
2026-09-09,Direct Polls,1054.0,otzma,6.476190476190476,30
2026-09-09,Direct Polls,1054.0,shas,5.7142857142857135,30
2026-09-09,Direct Polls,1054.0,utj,6.476190476190476,30
2026-09-09,Direct Polls,1054.0,rzp,4.9523809523809526,30
2026-09-09,Direct Polls,1054.0,raam,4.19047619047619,30
2026-09-09,Direct Polls,1054.0,amcha,3.4285714285714284,30
2026-09-09,Direct Polls,1054.0,blue_white,1.1,30
2026-09-09,Direct Polls,1054.0,reservists,1.4,30
2026-09-08,Lazar,600.0,likud,15.927572016460907,31
2026-09-08,Lazar,600.0,yashar,19.812345679012346,31
2026-09-08,Lazar,600.0,together,10.488888888888889,31
2026-09-08,Lazar,600.0,dems,8.158024691358024,31
2026-09-08,Lazar,600.0,yb,7.381069958847737,31
2026-09-08,Lazar,600.0,joint_list,5.827160493827161,31
2026-09-08,Lazar,600.0,otzma,6.604115226337449,31
2026-09-08,Lazar,600.0,shas,5.827160493827161,31
2026-09-08,Lazar,600.0,utj,5.827160493827161,31
2026-09-08,Lazar,600.0,rzp,4.273251028806585,31
2026-09-08,Lazar,600.0,raam,4.273251028806585,31
2026-09-08,Lazar,600.0,amcha,2.8,31
2026-09-08,Lazar,600.0,blue_white,1.3,31
2026-09-08,Lazar,600.0,likud,15.35873015873016,32
2026-09-08,Lazar,600.0,yashar,19.104761904761904,32
2026-09-08,Lazar,600.0,together,10.114285714285714,32
2026-09-08,Lazar,600.0,dems,7.866666666666667,32
2026-09-08,Lazar,600.0,yb,7.117460317460318,32
2026-09-08,Lazar,600.0,joint_list,5.6190476190476195,32
2026-09-08,Lazar,600.0,otzma,6.368253968253969,32
2026-09-08,Lazar,600.0,shas,5.6190476190476195,32
2026-09-08,Lazar,600.0,utj,5.6190476190476195,32
2026-09-08,Lazar,600.0,rzp,4.120634920634921,32
2026-09-08,Lazar,600.0,raam,4.120634920634921,32
2026-09-08,Lazar,600.0,amcha,2.8,32
2026-09-08,Lazar,600.0,blue_white,1.3,32
2026-09-08,Lazar,600.0,reservists,3.3714285714285714,32
2026-09-07,Channel 14 (Filber),1057.0,likud,22.60159362549801,33
2026-09-07,Channel 14 (Filber),1057.0,yashar,16.67330677290837,33
2026-09-07,Channel 14 (Filber),1057.0,together,4.816733067729084,33
2026-09-07,Channel 14 (Filber),1057.0,dems,7.780876494023904,33
2026-09-07,Channel 14 (Filber),1057.0,yb,4.816733067729084,33
2026-09-07,Channel 14 (Filber),1057.0,joint_list,6.298804780876494,33
2026-09-07,Channel 14 (Filber),1057.0,otzma,6.298804780876494,33
2026-09-07,Channel 14 (Filber),1057.0,shas,7.780876494023904,33
2026-09-07,Channel 14 (Filber),1057.0,utj,5.557768924302789,33
2026-09-07,Channel 14 (Filber),1057.0,rzp,6.298804780876494,33
2026-09-07,Channel 14 (Filber),1057.0,raam,4.075697211155378,33
2026-09-07,Channel 14 (Filber),1057.0,amcha,3.0,33
2026-09-07,Channel 14 (Filber),1057.0,blue_white,0.4,33
2026-09-07,Channel 14 (Filber),1057.0,reservists,2.1,33
2026-09-07,Midgam (Ch12),503.0,likud,16.176190476190477,34
2026-09-07,Midgam (Ch12),503.0,yashar,19.185714285714287,34
2026-09-07,Midgam (Ch12),503.0,together,10.157142857142857,34
2026-09-07,Midgam (Ch12),503.0,dems,8.652380952380952,34
2026-09-07,Midgam (Ch12),503.0,yb,6.395238095238095,34
2026-09-07,Midgam (Ch12),503.0,joint_list,5.642857142857142,34
2026-09-07,Midgam (Ch12),503.0,otzma,4.89047619047619,34
2026-09-07,Midgam (Ch12),503.0,shas,5.642857142857142,34
2026-09-07,Midgam (Ch12),503.0,utj,6.395238095238095,34
2026-09-07,Midgam (Ch12),503.0,rzp,4.89047619047619,34
2026-09-07,Midgam (Ch12),503.0,raam,3.3857142857142852,34
2026-09-07,Midgam (Ch12),503.0,amcha,3.3857142857142852,34
2026-09-07,Midgam (Ch12),503.0,blue_white,1.0,34
2026-09-07,Midgam (Ch12),503.0,reservists,2.7,34
2026-09-07,Channel 14 (Filber),,likud,23.938247011952193,35
2026-09-07,Channel 14 (Filber),,yashar,17.659362549800797,35
2026-09-07,Channel 14 (Filber),,together,5.101593625498008,35
2026-09-07,Channel 14 (Filber),,dems,8.241035856573705,35
2026-09-07,Channel 14 (Filber),,yb,5.101593625498008,35
2026-09-07,Channel 14 (Filber),,joint_list,6.671314741035856,35
2026-09-07,Channel 14 (Filber),,otzma,6.671314741035856,35
2026-09-07,Channel 14 (Filber),,shas,8.241035856573705,35
2026-09-07,Channel 14 (Filber),,utj,5.886454183266933,35
2026-09-07,Channel 14 (Filber),,rzp,6.671314741035856,35
2026-09-07,Channel 14 (Filber),,raam,4.316733067729084,35
2026-09-06,Kantar,551.0,likud,15.962450592885377,36
2026-09-06,Kantar,551.0,yashar,18.298418972332016,36
2026-09-06,Kantar,551.0,together,10.511857707509881,36
2026-09-06,Kantar,551.0,dems,6.618577075098814,36
2026-09-06,Kantar,551.0,yb,5.839920948616601,36
2026-09-06,Kantar,551.0,joint_list,5.839920948616601,36
2026-09-06,Kantar,551.0,otzma,5.839920948616601,36
2026-09-06,Kantar,551.0,shas,5.839920948616601,36
2026-09-06,Kantar,551.0,utj,6.618577075098814,36
2026-09-06,Kantar,551.0,rzp,5.061264822134388,36
2026-09-06,Kantar,551.0,raam,5.061264822134388,36
2026-09-06,Kantar,551.0,amcha,3.503952569169961,36
2026-09-06,Kantar,551.0,reservists,3.503952569169961,36
